day,osr,asr,psr,preference,ornaments,femalePC,malePC,female_care,female_mate,female_pre,female_juv,male_care,male_mate,male_pre,male_juv,pop_size
0,0.5,0.5,0.5,0,0,10,9.99902,0,1000,0,0,0,1000,0,0,2000
1,1,0.501776,0.544118,0,0,10,9.99902,982,0,0,31,988,1,0,37,2039
2,1,0.501776,0.544118,0,0,10,9.99902,982,0,0,31,988,1,0,37,2039
3,1,0.501776,0.544118,0,0,10,9.99902,982,0,0,31,988,1,0,37,2039
4,1,0.501776,0.544118,0,0,10,9.99902,982,0,0,31,988,1,0,37,2039
5,1,0.501776,0.544118,0,0,10,9.99902,982,0,0,31,988,1,0,37,2039
6,1,0.501776,0.544118,0,0,10,9.99902,982,0,0,31,988,1,0,37,2039
7,1,0.501776,0.544118,0,0,10,9.99902,982,0,0,31,988,1,0,37,2039
8,1,0.501776,0.544118,0,0,10,9.99902,982,0,0,31,988,1,0,37,2039
9,1,0.501776,0.544118,0,0,10,9.99902,982,0,0,31,988,1,0,37,2039
10,1,0.501776,0.544118,0,0,10,9.99902,982,0,0,31,988,1,0,37,2039
11,0.501776,0.501776,0.544118,0,0,10.0005,9.99903,0,982,0,31,0,989,0,37,2039
12,1,0.500516,0.557377,0,0,10.0005,9.99903,968,0,0,54,961,9,0,68,2060
13,1,0.500516,0.557377,0,0,10.0005,9.99903,968,0,0,54,961,9,0,68,2060
14,1,0.500516,0.557377,0,0,10.0005,9.99903,968,0,0,54,961,9,0,68,2060
15,1,0.500516,0.557377,0,0,10.0005,9.99903,968,0,0,54,961,9,0,68,2060
16,1,0.500516,0.557377,0,0,10.0005,9.99903,968,0,0,54,961,9,0,68,2060
17,1,0.500516,0.557377,0,0,10.0005,9.99903,968,0,0,54,961,9,0,68,2060
18,1,0.500516,0.557377,0,0,10.0005,9.99903,968,0,0,54,961,9,0,68,2060
19,1,0.500516,0.557377,0,0,10.0005,9.99903,968,0,0,54,961,9,0,68,2060
20,1,0.500516,0.557377,0,0,10.0005,9.99903,968,0,0,54,961,9,0,68,2060
21,1,0.500516,0.557377,0,0,10.0005,9.99903,968,0,0,54,961,9,0,68,2060
22,0.500516,0.500516,0.557377,0,0,10.0005,9.99905,0,968,0,54,0,970,0,68,2060
23,1,0.500521,0.549223,0,0,10.0005,9.99905,958,0,0,87,959,1,0,106,2111
24,1,0.500521,0.549223,0,0,10.0005,9.99905,958,0,0,87,959,1,0,106,2111
25,1,0.500521,0.549223,0,0,10.0005,9.99905,958,0,0,87,959,1,0,106,2111
26,1,0.500521,0.549223,0,0,10.0005,9.99905,958,0,0,87,959,1,0,106,2111
27,1,0.500521,0.549223,0,0,10.0005,9.99905,958,0,0,87,959,1,0,106,2111
28,1,0.500521,0.549223,0,0,10.0005,9.99905,958,0,0,87,959,1,0,106,2111
29,1,0.500521,0.549223,0,0,10.0005,9.99905,958,0,0,87,959,1,0,106,2111
30,1,0.500521,0.549223,0,0,10.0005,9.99905,958,0,0,87,959,1,0,106,2111
31,0.550725,0.502014,0.552,0,0,10.0005,9.99905,958,31,0,56,959,38,0,69,2111
32,1,0.502014,0.546875,0,0,10.0005,9.99905,989,0,0,58,990,7,0,70,2114
33,0.502079,0.502014,0.546875,0,0,10.0009,9.99908,31,958,0,58,31,966,0,70,2114
34,1,0.503055,0.529703,0,0,10.0009,9.99908,976,0,0,95,979,9,0,107,2166
35,1,0.503055,0.529703,0,0,10.0009,9.99908,976,0,0,95,979,9,0,107,2166
36,1,0.503055,0.529703,0,0,10.0009,9.99908,976,0,0,95,979,9,0,107,2166
37,1,0.503055,0.529703,0,0,10.0009,9.99908,976,0,0,95,979,9,0,107,2166
38,1,0.503055,0.529703,0,0,10.0009,9.99908,976,0,0,95,979,9,0,107,2166
39,1,0.503055,0.529703,0,0,10.0009,9.99908,976,0,0,95,979,9,0,107,2166
40,1,0.503055,0.529703,0,0,10.0009,9.99908,976,0,0,95,979,9,0,107,2166
41,1,0.503055,0.529703,0,0,10.0009,9.99908,976,0,0,95,978,10,0,107,2166
42,0.568,0.504955,0.513514,0,0,10.0009,9.99908,945,54,0,72,948,71,0,76,2166
43,1,0.505206,0.51634,0,0,10.0009,9.99908,998,0,0,74,1002,17,0,79,2170
44,0.505236,0.505206,0.51634,0,0,10.0009,9.99864,53,945,0,74,54,965,0,79,2170
45,1,0.505788,0.53211,0,0,10.0009,9.99864,982,0,0,102,985,20,0,116,2205
46,1,0.505788,0.53211,0,0,10.0009,9.99864,982,0,0,102,985,20,0,116,2205
47,1,0.505788,0.53211,0,0,10.0009,9.99864,982,0,0,102,985,20,0,116,2205
48,1,0.505788,0.53211,0,0,10.0009,9.99864,982,0,0,102,985,20,0,116,2205
49,1,0.505788,0.53211,0,0,10.0009,9.99864,982,0,0,102,985,20,0,116,2205
50,1,0.505788,0.53211,0,0,10.0009,9.99864,982,0,0,102,985,20,0,116,2205
51,1,0.505788,0.53211,0,0,10.0009,9.99864,982,0,0,102,985,20,0,116,2205
52,1,0.505788,0.53211,0,0,10.0009,9.99864,982,0,0,102,984,21,0,116,2205
53,0.565657,0.506803,0.530612,0,0,10.0014,9.99864,929,86,0,69,931,112,0,78,2205
54,1,0.507296,0.536424,0,0,10.0014,9.99864,1013,0,0,70,1017,26,0,81,2207
55,0.507423,0.507296,0.536424,0,0,10.0013,9.99867,84,929,0,70,86,957,0,81,2207
56,1,0.508325,0.523585,0,0,10.0013,9.99867,1004,0,0,101,1007,31,0,111,2254
57,1,0.508325,0.523585,0,0,10.0013,9.99867,1004,0,0,101,1007,31,0,111,2254
58,1,0.508325,0.523585,0,0,10.0013,9.99867,1004,0,0,101,1007,31,0,111,2254
59,1,0.508325,0.523585,0,0,10.0013,9.99867,1004,0,0,101,1007,31,0,111,2254
60,1,0.508325,0.523585,0,0,10.0013,9.99867,1004,0,0,101,1007,31,0,111,2254
61,1,0.508325,0.523585,0,0,10.0013,9.99867,1004,0,0,101,1007,31,0,111,2254
62,0.941176,0.508068,0.526316,0,0,10.0013,9.99867,1004,2,0,99,1007,32,0,110,2254
63,1,0.508068,0.526316,0,0,10.0013,9.99867,1006,0,0,99,1008,31,0,110,2254
64,0.558394,0.507787,0.540741,0,0,10.0013,9.99867,922,121,0,62,923,153,0,73,2254
65,1,0.508026,0.521127,0,0,10.0013,9.99867,1042,0,0,68,1044,32,0,74,2260
66,0.508809,0.508026,0.521127,0,0,10.0013,9.9987,122,920,0,68,123,953,0,74,2260
67,1,0.507384,0.528846,0,0,10.0013,9.9987,1034,0,0,98,1032,33,0,110,2307
68,1,0.507384,0.528846,0,0,10.0013,9.9987,1034,0,0,98,1032,33,0,110,2307
69,1,0.507384,0.528846,0,0,10.0013,9.9987,1034,0,0,98,1032,33,0,110,2307
70,1,0.507384,0.528846,0,0,10.0013,9.9987,1034,0,0,98,1032,33,0,110,2307
71,1,0.507384,0.528846,0,0,10.0013,9.9987,1034,0,0,98,1032,33,0,110,2307
72,1,0.507384,0.528846,0,0,10.0013,9.9987,1034,0,0,98,1032,33,0,110,2307
73,0.904762,0.507605,0.527094,0,0,10.0013,9.9987,1032,4,0,96,1030,38,0,107,2307
74,1,0.507605,0.527094,0,0,10.0013,9.9987,1036,0,0,96,1033,35,0,107,2307
75,0.564706,0.509451,0.507246,0,0,10.0013,9.9987,916,148,0,68,913,192,0,70,2307
76,1,0.509234,0.5,0,0,10.0013,9.9987,1063,0,0,75,1060,43,0,75,2316
77,0.51073,0.509234,0.5,0,0,10.0013,9.99915,151,912,0,75,151,952,0,75,2316
78,1,0.509575,0.50237,0,0,10.0013,9.99915,1050,0,0,105,1051,40,0,106,2352
79,1,0.509575,0.50237,0,0,10.0013,9.99915,1050,0,0,105,1051,40,0,106,2352
80,1,0.509575,0.50237,0,0,10.0013,9.99915,1050,0,0,105,1051,40,0,106,2352
81,1,0.509575,0.50237,0,0,10.0013,9.99915,1050,0,0,105,1051,40,0,106,2352
82,1,0.509575,0.50237,0,0,10.0013,9.99915,1050,0,0,105,1051,40,0,106,2352
83,1,0.509346,0.50237,0,0,10.0013,9.99915,1050,0,0,105,1051,39,0,106,2351
84,0.901961,0.509795,0.497585,0,0,10.0013,9.99915,1046,5,0,104,1047,46,0,103,2351
85,1,0.509795,0.497585,0,0,10.0013,9.99915,1051,0,0,104,1051,42,0,103,2351
86,0.549367,0.509074,0.5,0,0,10.0013,9.99915,904,178,0,73,905,217,0,73,2350
87,1,0.508189,0.490683,0,0,10.0013,9.99915,1081,0,0,82,1077,40,0,79,2359
88,0.511147,0.508189,0.490683,0,0,10.0013,9.99916,182,899,0,82,177,940,0,79,2359
89,1,0.50966,0.53271,0,0,10.0013,9.99916,1066,0,0,100,1067,41,0,114,2388
90,1,0.50966,0.53271,0,0,10.0013,9.99916,1066,0,0,100,1067,41,0,114,2388
91,1,0.50966,0.53271,0,0,10.0013,9.99916,1066,0,0,100,1067,41,0,114,2388
92,1,0.50966,0.53271,0,0,10.0013,9.99916,1066,0,0,100,1067,41,0,114,2388
93,1,0.50966,0.53271,0,0,10.0013,9.99916,1066,0,0,100,1067,41,0,114,2388
94,1,0.50966,0.53271,0,0,10.0013,9.99916,1066,0,0,100,1067,41,0,114,2388
95,0.824561,0.508482,0.545894,0,0,10.0013,9.99916,1062,10,0,94,1062,47,0,113,2388
96,0.974359,0.508482,0.545894,0,0,10.0013,9.99916,1071,1,0,94,1071,38,0,113,2388
97,0.54102,0.509568,0.546099,0,0,10.0008,9.99916,895,207,0,64,901,244,0,77,2388
98,1,0.509148,0.536424,0,0,10.0008,9.99916,1100,0,0,70,1103,38,0,81,2392
99,0.512141,0.509148,0.536424,0,0,10.0008,9.99959,216,884,0,70,213,928,0,81,2392
100,1,0.509689,0.54902,0,0,10.0008,9.99959,1088,0,0,92,1087,44,0,112,2423
101,1,0.509689,0.54902,0,0,10.0008,9.99959,1088,0,0,92,1087,44,0,112,2423
102,1,0.509689,0.54902,0,0,10.0008,9.99959,1088,0,0,92,1087,44,0,112,2423
103,1,0.509689,0.54902,0,0,10.0008,9.99959,1088,0,0,92,1087,44,0,112,2423
104,1,0.509689,0.54902,0,0,10.0008,9.99959,1088,0,0,92,1087,44,0,112,2423
105,1,0.509689,0.54902,0,0,10.0008,9.99959,1088,0,0,92,1087,44,0,112,2423
106,0.776316,0.509189,0.557292,0,0,10.0008,9.99959,1078,17,0,85,1077,59,0,107,2423
107,1,0.509646,0.554404,0,0,10.0008,9.99959,1093,0,0,86,1092,44,0,107,2422
108,0.539063,0.509607,0.575758,0,0,10.0012,9.99959,887,236,0,56,891,276,0,76,2422
109,1,0.510079,0.554795,0,0,10.0012,9.99959,1118,0,0,65,1123,41,0,81,2428
110,0.512031,0.510079,0.554795,0,0,10.0012,9.99959,246,872,0,65,249,915,0,81,2428
111,1,0.50996,0.540404,0,0,10.0012,9.99959,1107,0,0,91,1109,43,0,107,2457
112,1,0.50996,0.540404,0,0,10.0012,9.99959,1107,0,0,91,1109,43,0,107,2457
113,1,0.50996,0.540404,0,0,10.0012,9.99959,1107,0,0,91,1109,43,0,107,2457
114,1,0.50996,0.540404,0,0,10.0012,9.99959,1107,0,0,91,1109,43,0,107,2457
115,1,0.509743,0.540404,0,0,10.0012,9.99959,1107,0,0,91,1109,42,0,107,2456
116,1,0.509743,0.540404,0,0,10.0012,9.99959,1107,0,0,91,1109,42,0,107,2456
117,0.730337,0.509019,0.551913,0,0,10.0012,9.99959,1092,24,0,82,1092,65,0,101,2456
118,1,0.509019,0.554348,0,0,10.0012,9.99959,1116,0,0,82,1115,42,0,102,2457
119,0.553153,0.512468,0.51145,0,0,10.0012,9.99959,886,248,0,64,885,307,0,67,2457
120,0.983607,0.512478,0.486111,0,0,10.0012,9.99959,1132,1,0,74,1131,60,0,70,2468
121,0.516292,0.512478,0.486111,0,0,10.0016,9.9996,272,861,0,74,272,919,0,70,2468
122,1,0.512543,0.502732,0,0,10.0016,9.9996,1127,0,0,91,1128,57,0,92,2495
123,1,0.512543,0.502732,0,0,10.0016,9.9996,1127,0,0,91,1128,57,0,92,2495
124,1,0.512543,0.502732,0,0,10.0016,9.9996,1127,0,0,91,1128,57,0,92,2495
125,1,0.512543,0.502732,0,0,10.0016,9.9996,1127,0,0,91,1128,57,0,92,2495
126,1,0.512543,0.502732,0,0,10.0016,9.9996,1127,0,0,91,1128,57,0,92,2495
127,1,0.512543,0.502732,0,0,10.0016,9.9996,1127,0,0,91,1128,57,0,92,2495
128,0.73913,0.512059,0.508671,0,0,10.0016,9.9996,1103,30,0,85,1104,85,0,88,2495
129,1,0.512721,0.508671,0,0,10.0016,9.9996,1130,0,0,85,1134,55,0,88,2492
130,0.553156,0.514334,0.475,0,0,10.0016,9.9992,883,269,0,63,887,333,0,57,2492
131,1,0.51437,0.455882,0,0,10.0016,9.9992,1149,0,0,74,1152,65,0,62,2502
132,0.517746,0.51437,0.455882,0,0,10.0016,9.99921,293,856,0,74,298,919,0,62,2502
133,1,0.514505,0.441026,0,0,10.0016,9.99921,1138,0,0,109,1141,65,0,86,2539
134,1,0.514505,0.441026,0,0,10.0016,9.99921,1138,0,0,109,1141,65,0,86,2539
135,1,0.514505,0.441026,0,0,10.0016,9.99921,1138,0,0,109,1141,65,0,86,2539
136,1,0.514505,0.441026,0,0,10.0016,9.99921,1138,0,0,109,1141,65,0,86,2539
137,0.984848,0.514286,0.443299,0,0,10.0016,9.99921,1138,1,0,108,1141,65,0,86,2539
138,0.984615,0.514286,0.443299,0,0,10.0016,9.99921,1138,1,0,108,1142,64,0,86,2539
139,0.736842,0.513353,0.45,0,0,10.0016,9.99921,1113,35,0,99,1113,98,0,81,2539
140,1,0.51294,0.454054,0,0,10.0016,9.99921,1148,0,0,101,1146,63,0,84,2542
141,0.549383,0.512661,0.43609,0,0,10.0016,9.99921,882,292,0,75,879,356,0,58,2542
142,1,0.512927,0.448276,0,0,10.0016,9.99921,1168,0,0,80,1165,65,0,65,2543
143,0.51854,0.512927,0.448276,0,0,10.0016,9.99845,324,844,0,80,321,909,0,65,2543
144,0.984848,0.51192,0.457447,0,0,10.0016,9.99845,1166,1,0,102,1159,65,0,86,2579
145,1,0.51192,0.457447,0,0,10.0016,9.99845,1167,0,0,102,1160,64,0,86,2579
146,1,0.51192,0.457447,0,0,10.0016,9.99845,1167,0,0,102,1160,64,0,86,2579
147,1,0.51192,0.457447,0,0,10.0016,9.99845,1167,0,0,102,1160,64,0,86,2579
148,0.970588,0.512124,0.454545,0,0,10.0016,9.99845,1165,2,0,102,1159,66,0,85,2579
149,1,0.512124,0.454545,0,0,10.0016,9.99845,1167,0,0,102,1160,65,0,85,2579
150,0.696552,0.510603,0.471264,0,0,10.0015,9.99845,1133,44,0,92,1127,101,0,82,2579
151,0.982759,0.510603,0.471591,0,0,10.0015,9.99845,1176,1,0,93,1171,57,0,83,2581
152,0.545045,0.511457,0.449275,0,0,10.0015,9.99846,891,303,0,76,887,363,0,62,2582
153,1,0.511066,0.453947,0,0,10.0015,9.99846,1193,0,0,83,1186,61,0,69,2592
154,0.515796,0.511066,0.453947,0,0,10.0015,9.99885,350,843,0,83,349,898,0,69,2592
155,1,0.510928,0.450262,0,0,10.0015,9.99885,1186,0,0,105,1184,55,0,86,2616
156,0.982143,0.510928,0.450262,0,0,10.0015,9.99885,1185,1,0,105,1184,55,0,86,2616
157,1,0.510928,0.450262,0,0,10.0015,9.99885,1186,0,0,105,1185,54,0,86,2616
158,0.981818,0.510928,0.450262,0,0,10.0015,9.99885,1185,1,0,105,1185,54,0,86,2616
159,0.982143,0.510928,0.450262,0,0,10.0015,9.99885,1185,1,0,105,1184,55,0,86,2616
160,1,0.510928,0.450262,0,0,10.0015,9.99885,1186,0,0,105,1185,54,0,86,2616
161,0.651899,0.509627,0.462857,0,0,10.0015,9.99885,1142,55,0,94,1141,103,0,81,2616
162,1,0.509426,0.466292,0,0,10.0015,9.99885,1197,0,0,95,1194,49,0,83,2618
163,0.524613,0.506805,0.495798,0,0,10.0011,9.99886,894,338,0,60,893,373,0,59,2617
164,1,0.506619,0.507246,0,0,10.0011,9.99886,1230,0,0,68,1226,37,0,70,2631
165,0.509965,0.506421,0.507246,0,0,10.0011,9.99849,394,836,0,68,392,870,0,70,2630
166,1,0.506478,0.536313,0,0,10.0011,9.99849,1219,0,0,83,1217,34,0,96,2649
167,1,0.506478,0.536313,0,0,10.0011,9.99849,1219,0,0,83,1216,35,0,96,2649
168,0.945946,0.506478,0.536313,0,0,10.0011,9.99849,1217,2,0,83,1216,35,0,96,2649
169,1,0.506478,0.536313,0,0,10.0011,9.99849,1219,0,0,83,1217,34,0,96,2649
170,0.926829,0.506667,0.534483,0,0,10.0011,9.99849,1218,3,0,81,1216,38,0,93,2649
171,1,0.506667,0.534483,0,0,10.0011,9.99849,1221,0,0,81,1219,35,0,93,2649
172,0.615385,0.507037,0.530864,0,0,10.0011,9.99849,1166,60,0,76,1165,96,0,86,2649
173,1,0.507037,0.527273,0,0,10.0011,9.99849,1226,0,0,78,1225,36,0,87,2652
174,0.522727,0.506719,0.540984,0,0,10.0011,9.99813,891,357,0,56,891,391,0,66,2652
175,0.972222,0.506545,0.553333,0,0,10.0011,9.99813,1243,1,0,67,1242,35,0,83,2671
176,0.510095,0.506545,0.553333,0,0,10.0011,9.99815,419,825,0,67,418,859,0,83,2671
177,1,0.506582,0.552083,0,0,10.0011,9.99815,1237,0,0,86,1235,35,0,106,2699
178,0.972222,0.506582,0.552083,0,0,10.0011,9.99815,1236,1,0,86,1235,35,0,106,2699
179,1,0.506582,0.552083,0,0,10.0011,9.99815,1237,0,0,86,1234,36,0,106,2699
180,0.972973,0.506582,0.552083,0,0,10.0011,9.99815,1236,1,0,86,1234,36,0,106,2699
181,0.906977,0.506576,0.552632,0,0,10.0011,9.99815,1234,4,0,85,1232,39,0,105,2699
182,1,0.506576,0.554974,0,0,10.0011,9.99815,1238,0,0,85,1236,35,0,106,2700
183,0.60355,0.506735,0.556818,0,0,10.0011,9.99815,1178,67,0,78,1177,102,0,98,2700
184,1,0.50654,0.55618,0,0,10.0011,9.99815,1245,0,0,79,1242,36,0,99,2701
185,0.519231,0.505464,0.589928,0,0,10.0011,9.99852,892,375,0,57,890,405,0,82,2701
186,1,0.505486,0.567742,0,0,10.0011,9.99852,1262,0,0,67,1257,33,0,88,2707
187,0.508993,0.505486,0.567742,0,0,10.0011,9.99853,443,819,0,67,441,849,0,88,2707
188,0.967742,0.506309,0.554404,0,0,10.0011,9.99853,1251,1,0,86,1254,30,0,107,2729
189,1,0.506309,0.554404,0,0,10.0011,9.99853,1252,0,0,86,1254,30,0,107,2729
190,1,0.506309,0.554404,0,0,10.0011,9.99853,1252,0,0,86,1254,30,0,107,2729
191,1,0.506309,0.554404,0,0,10.0011,9.99853,1252,0,0,86,1253,31,0,107,2729
192,0.860465,0.506499,0.552632,0,0,10.0011,9.99853,1247,6,0,85,1249,37,0,105,2729
193,1,0.506499,0.552632,0,0,10.0011,9.99853,1253,0,0,85,1255,31,0,105,2729
194,0.590164,0.507037,0.549708,0,0,10.0011,9.99854,1186,75,0,77,1189,108,0,94,2729
195,1,0.507037,0.543353,0,0,10.0011,9.99854,1261,0,0,79,1264,33,0,94,2731
196,0.525862,0.509042,0.515152,0,0,10.0011,9.99855,891,385,0,64,896,427,0,68,2731
197,1,0.509252,0.496815,0,0,10.0011,9.99855,1273,0,0,79,1276,45,0,78,2751
198,0.514114,0.509063,0.496815,0,0,10.0011,9.99856,464,809,0,79,464,856,0,78,2750
199,0.979592,0.508901,0.505263,0,0,10.0011,9.99856,1268,1,0,94,1267,48,0,96,2774
200,1,0.508901,0.505263,0,0,10.0011,9.99856,1269,0,0,94,1268,47,0,96,2774
201,1,0.508901,0.505263,0,0,10.0011,9.99856,1269,0,0,94,1268,47,0,96,2774
202,1,0.508901,0.505263,0,0,10.0011,9.99856,1269,0,0,94,1268,47,0,96,2774
203,0.885246,0.508697,0.508021,0,0,10.0011,9.99856,1264,7,0,92,1262,54,0,95,2774
204,0.959184,0.508697,0.507937,0,0,10.0011,9.99856,1269,2,0,93,1269,47,0,96,2776
205,0.617117,0.509751,0.490683,0,0,10.0011,9.9982,1197,85,0,82,1196,137,0,79,2776
206,1,0.509751,0.491018,0,0,10.0011,9.9982,1282,0,0,85,1280,53,0,82,2782
207,0.532634,0.51035,0.472,0,0,10.0011,9.99821,900,401,0,66,899,457,0,59,2782
208,0.983051,0.51117,0.509804,0,0,10.0011,9.99821,1290,1,0,75,1292,58,0,78,2794
209,0.516827,0.51117,0.509804,0,0,10.0011,9.99824,487,804,0,75,490,860,0,78,2794
210,1,0.511424,0.514423,0,0,10.0011,9.99824,1283,0,0,101,1285,58,0,107,2834
211,0.983051,0.511424,0.514423,0,0,10.0011,9.99824,1282,1,0,101,1285,58,0,107,2834
212,1,0.51161,0.512077,0,0,10.0011,9.99824,1283,0,0,101,1286,58,0,106,2834
213,1,0.51161,0.512077,0,0,10.0011,9.99824,1283,0,0,101,1286,58,0,106,2834
214,0.88,0.511601,0.512195,0,0,10.0011,9.99824,1275,9,0,100,1279,66,0,105,2834
215,1,0.511601,0.512195,0,0,10.0011,9.99824,1284,0,0,100,1285,60,0,105,2834
216,0.609756,0.510775,0.52381,0,0,10.0011,9.99824,1198,96,0,90,1201,150,0,99,2834
217,1,0.510775,0.523316,0,0,10.0011,9.99824,1294,0,0,92,1296,55,0,101,2838
218,0.530822,0.51044,0.532051,0,0,10.0011,9.99824,902,411,0,73,904,465,0,83,2838
219,1,0.510112,0.526627,0,0,10.0011,9.99824,1308,0,0,80,1307,55,0,89,2839
220,0.51699,0.510112,0.526627,0,0,10.001,9.99896,512,796,0,80,510,852,0,89,2839
221,1,0.509626,0.540541,0,0,10.001,9.99896,1299,0,0,102,1295,55,0,120,2871
222,1,0.509626,0.540541,0,0,10.001,9.99896,1299,0,0,102,1294,56,0,120,2871
223,0.982456,0.509626,0.540541,0,0,10.001,9.99895,1298,1,0,102,1294,56,0,120,2871
224,0.981818,0.509441,0.540541,0,0,10.001,9.99895,1298,1,0,102,1295,54,0,120,2870
225,0.861111,0.509057,0.545455,0,0,10.001,9.99895,1291,10,0,100,1287,62,0,120,2870
226,1,0.509057,0.545455,0,0,10.001,9.99895,1301,0,0,100,1297,52,0,120,2870
227,0.588015,0.508037,0.564103,0,0,10.001,9.99896,1206,110,0,85,1202,157,0,110,2870
228,0.960784,0.508227,0.568528,0,0,10.001,9.99896,1313,2,0,85,1310,49,0,112,2871
229,0.527559,0.508681,0.573171,0,0,10.001,9.99896,910,420,0,70,908,469,0,94,2871
230,1,0.509091,0.576087,0,0,10.001,9.99896,1323,0,0,78,1320,52,0,106,2879
231,0.514797,0.509091,0.576087,0,0,10.001,9.99896,536,787,0,78,537,835,0,106,2879
232,1,0.509159,0.559633,0,0,10.001,9.99896,1313,0,0,96,1314,48,0,122,2893
233,1,0.509159,0.559633,0,0,10.001,9.99896,1313,0,0,96,1314,48,0,122,2893
234,0.961538,0.509152,0.560185,0,0,10.001,9.99896,1312,2,0,95,1313,50,0,121,2893
235,0.98,0.509152,0.560185,0,0,10.001,9.99896,1313,1,0,95,1314,49,0,121,2893
236,0.824324,0.509132,0.561905,0,0,10.001,9.99896,1304,13,0,92,1305,61,0,118,2893
237,1,0.509132,0.559242,0,0,10.001,9.99896,1317,0,0,93,1318,48,0,118,2894
238,0.59661,0.510882,0.540984,0,0,10.0014,9.99862,1207,119,0,84,1209,176,0,99,2894
239,1,0.51107,0.539683,0,0,10.0014,9.99862,1325,0,0,87,1325,60,0,102,2899
240,0.532412,0.511216,0.544776,0,0,10.0014,9.99863,911,440,0,61,912,501,0,73,2898
241,1,0.511071,0.530488,0,0,10.0014,9.99863,1347,0,0,77,1344,64,0,87,2919
242,0.519183,0.511071,0.530488,0,0,10.0014,9.99864,570,777,0,77,569,839,0,87,2919
243,1,0.511314,0.54902,0,0,10.0014,9.99864,1339,0,0,92,1339,62,0,112,2944
244,0.984127,0.511314,0.54902,0,0,10.0014,9.99864,1338,1,0,92,1339,62,0,112,2944
245,0.984127,0.511135,0.54902,0,0,10.0014,9.99864,1338,1,0,92,1338,62,0,112,2943
246,1,0.511135,0.54902,0,0,10.0014,9.99864,1339,0,0,92,1338,62,0,112,2943
247,0.827957,0.511119,0.55,0,0,10.0014,9.99864,1325,16,0,90,1325,77,0,110,2943
248,0.984127,0.510941,0.55,0,0,10.0014,9.99864,1340,1,0,90,1339,62,0,110,2942
249,0.598706,0.510885,0.553763,0,0,10.0014,9.9983,1224,124,0,83,1223,185,0,103,2942
250,1,0.510885,0.560847,0,0,10.0014,9.9983,1348,0,0,83,1347,61,0,106,2945
251,0.535569,0.512282,0.551471,0,0,10.0014,9.99831,913,457,0,61,912,527,0,75,2945
252,0.986301,0.512509,0.539877,0,0,10.0014,9.99831,1363,1,0,75,1362,72,0,88,2961
253,0.521469,0.512509,0.539877,0,0,10.0013,9.99832,595,769,0,75,596,838,0,88,2961
254,0.985915,0.512599,0.515306,0,0,10.0013,9.99832,1353,1,0,95,1354,70,0,101,2974
255,1,0.512599,0.515306,0,0,10.0013,9.99832,1354,0,0,95,1354,70,0,101,2974
256,0.986111,0.512599,0.515306,0,0,10.0013,9.99832,1353,1,0,95,1353,71,0,101,2974
257,1,0.512599,0.515306,0,0,10.0013,9.99832,1354,0,0,95,1354,70,0,101,2974
258,0.84466,0.51295,0.510309,0,0,10.0013,9.99832,1338,16,0,95,1339,87,0,99,2974
259,0.986486,0.51295,0.510309,0,0,10.0013,9.99832,1353,1,0,95,1353,73,0,99,2974
260,0.610619,0.513571,0.5,0,0,10.0013,9.99832,1230,132,0,87,1231,207,0,87,2974
261,1,0.513059,0.505495,0,0,10.0013,9.99832,1361,0,0,90,1361,73,0,92,2977
262,0.535183,0.512549,0.513514,0,0,10.0013,9.99833,910,469,0,72,910,540,0,76,2977
263,1,0.513303,0.491329,0,0,10.0013,9.99833,1372,0,0,88,1371,76,0,85,2992
264,0.522585,0.513303,0.491329,0,0,10.0013,9.99834,611,761,0,88,614,833,0,85,2992
265,1,0.513379,0.483412,0,0,10.0013,9.99834,1364,0,0,109,1367,72,0,102,3014
266,1,0.513379,0.483412,0,0,10.0013,9.99834,1364,0,0,109,1367,72,0,102,3014
267,0.973333,0.513195,0.485714,0,0,10.0013,9.99834,1363,2,0,108,1366,73,0,102,3014
268,0.986111,0.513195,0.485714,0,0,10.001,9.99834,1364,1,0,108,1368,71,0,102,3014
269,0.830189,0.513167,0.482927,0,0,10.001,9.99834,1350,18,0,106,1354,88,0,99,3015
270,1,0.513359,0.482927,0,0,10.001,9.99834,1366,0,0,106,1368,73,0,99,3012
271,0.593407,0.512866,0.485714,0,0,10.001,9.99801,1234,148,0,90,1239,216,0,85,3012
272,1,0.513409,0.47541,0,0,10.001,9.99801,1379,0,0,96,1386,69,0,87,3017
273,0.539575,0.514962,0.433566,0,0,10.0013,9.99802,917,477,0,81,921,559,0,62,3017
274,0.988372,0.514834,0.454545,0,0,10.0013,9.99802,1389,1,0,90,1390,85,0,75,3030
275,0.526482,0.514834,0.454545,0,0,10.0013,9.99803,639,751,0,90,640,835,0,75,3030
276,0.988506,0.514416,0.456731,0,0,10.0013,9.99803,1380,1,0,113,1377,86,0,95,3052
277,1,0.514416,0.456731,0,0,10.0013,9.99803,1381,0,0,113,1378,85,0,95,3052
278,0.966667,0.514416,0.456731,0,0,10.0013,9.99803,1378,3,0,113,1376,87,0,95,3052
279,1,0.514416,0.456731,0,0,10.0013,9.99803,1381,0,0,113,1378,85,0,95,3052
280,0.875,0.514928,0.44878,0,0,10.0013,9.99803,1366,15,0,113,1361,105,0,92,3052
281,0.989011,0.514928,0.44878,0,0,10.0013,9.99803,1380,1,0,113,1376,90,0,92,3052
282,0.610837,0.514614,0.44382,0,0,10.0013,9.99771,1237,158,0,99,1231,248,0,79,3052
283,0.989247,0.514614,0.438503,0,0,10.0013,9.99771,1394,1,0,105,1387,92,0,82,3061
284,0.53702,0.513076,0.448052,0,0,10.0013,9.99805,921,494,0,85,918,573,0,69,3060
285,1,0.512953,0.466292,0,0,10.0013,9.99805,1410,0,0,95,1403,82,0,83,3073
286,0.524359,0.512953,0.466292,0,0,10.0013,9.99806,668,742,0,95,667,818,0,83,3073
287,1,0.513711,0.485577,0,0,10.0013,9.99806,1401,0,0,107,1403,77,0,101,3089
288,0.974684,0.513711,0.485577,0,0,10.0013,9.99806,1399,2,0,107,1403,77,0,101,3089
289,0.975,0.513711,0.485577,0,0,10.0013,9.99806,1399,2,0,107,1402,78,0,101,3089
290,1,0.513711,0.488038,0,0,10.0013,9.99806,1401,0,0,107,1404,76,0,102,3090
291,0.842105,0.514019,0.482587,0,0,10.0013,9.99806,1386,18,0,104,1389,96,0,97,3090
292,1,0.514019,0.482587,0,0,10.0013,9.99806,1404,0,0,104,1406,79,0,97,3090
293,0.583333,0.512697,0.5,0,0,10.0013,9.99806,1245,175,0,88,1249,245,0,88,3090
294,0.986842,0.512891,0.502732,0,0,10.0013,9.99806,1416,1,0,91,1417,75,0,92,3092
295,0.530387,0.512046,0.517241,0,0,10.0013,9.99807,928,510,0,70,933,576,0,75,3092
296,1,0.512245,0.5,0,0,10.0013,9.99807,1434,0,0,85,1436,70,0,85,3110
297,0.523407,0.512245,0.5,0,0,10.0016,9.99777,701,733,0,85,701,805,0,85,3110
298,0.986111,0.511986,0.483871,0,0,10.0016,9.99777,1424,1,0,112,1424,71,0,105,3137
299,0.986301,0.511811,0.483871,0,0,10.0019,9.99777,1425,1,0,112,1423,72,0,105,3138
300,0.960526,0.511986,0.483871,0,0,10.0019,9.99777,1422,3,0,112,1422,73,0,105,3137
301,1,0.511986,0.483871,0,0,10.0019,9.99777,1425,0,0,112,1425,70,0,105,3137
302,0.79646,0.511445,0.490476,0,0,10.0019,9.99777,1407,23,0,107,1407,90,0,103,3137
303,0.985294,0.511445,0.492823,0,0,10.0019,9.99777,1429,1,0,106,1430,67,0,103,3136
304,0.581019,0.512038,0.478723,0,0,10.0019,9.99777,1258,181,0,98,1259,251,0,90,3137
305,0.986667,0.512245,0.479798,0,0,10.0019,9.99777,1433,1,0,103,1432,74,0,95,3138
306,0.530249,0.511566,0.483871,0,0,10.0019,9.99841,929,528,0,80,930,596,0,75,3138
307,0.986111,0.511276,0.468571,0,0,10.0019,9.99841,1451,1,0,93,1448,71,0,82,3146
308,0.521768,0.511276,0.468571,0,0,10.0019,9.99874,727,725,0,93,728,791,0,82,3146
309,1,0.512327,0.46875,0,0,10.0019,9.99874,1444,0,0,119,1450,67,0,105,3185
310,1,0.512327,0.46875,0,0,10.0019,9.99874,1444,0,0,119,1449,68,0,105,3185
311,0.972603,0.512327,0.46875,0,0,10.0019,9.99874,1442,2,0,119,1446,71,0,105,3185
312,0.985714,0.512327,0.46875,0,0,10.0019,9.99874,1443,1,0,119,1448,69,0,105,3185
313,0.768595,0.511785,0.474419,0,0,10.0019,9.99874,1422,28,0,113,1427,93,0,102,3185
314,0.971014,0.511785,0.474419,0,0,10.0019,9.99874,1448,2,0,113,1453,67,0,102,3185
315,0.579545,0.512358,0.458333,0,0,10.0019,9.99875,1275,185,0,104,1279,255,0,88,3186
316,1,0.512211,0.452736,0,0,10.0019,9.99875,1458,0,0,110,1458,73,0,91,3190
317,0.532286,0.513084,0.426901,0,0,10.0019,9.99844,934,536,0,98,939,610,0,73,3190
318,0.987342,0.512171,0.452261,0,0,10.0019,9.99844,1462,1,0,109,1458,78,0,90,3198
319,0.52642,0.512171,0.452261,0,0,10.0022,9.99844,746,717,0,109,739,797,0,90,3198
320,1,0.51155,0.44,0,0,10.0022,9.99844,1459,0,0,126,1446,82,0,99,3212
321,1,0.51155,0.44,0,0,10.0022,9.99844,1459,0,0,126,1446,82,0,99,3212
322,0.976744,0.51155,0.44,0,0,10.0022,9.99844,1457,2,0,126,1444,84,0,99,3212
323,1,0.51155,0.442478,0,0,10.0022,9.99844,1459,0,0,126,1445,83,0,100,3213
324,0.777027,0.51169,0.438356,0,0,10.0022,9.99844,1429,33,0,123,1417,115,0,96,3213
325,0.988235,0.51169,0.438914,0,0,10.0022,9.99844,1461,1,0,124,1448,84,0,97,3215
326,0.578723,0.510603,0.443878,0,0,10.0022,9.99845,1279,198,0,109,1269,272,0,87,3214
327,1,0.510448,0.44878,0,0,10.0022,9.99845,1476,0,0,113,1461,78,0,92,3220
328,0.526002,0.508984,0.455696,0,0,10.0019,9.99845,947,556,0,86,941,617,0,72,3219
329,0.969697,0.509008,0.448087,0,0,10.0019,9.99815,1497,2,0,101,1490,64,0,82,3236
330,0.518919,0.509008,0.445652,0,0,10.0019,9.99815,787,712,0,102,786,768,0,82,3237
331,0.982759,0.510715,0.447619,0,0,10.0019,9.99815,1483,1,0,116,1492,57,0,94,3243
332,1,0.510715,0.447619,0,0,10.0019,9.99815,1484,0,0,116,1493,56,0,94,3243
333,0.966667,0.510715,0.447619,0,0,10.0019,9.99815,1482,2,0,116,1491,58,0,94,3243
334,0.965517,0.510547,0.449761,0,0,10.0019,9.99815,1483,2,0,115,1493,56,0,94,3243
335,0.71875,0.510512,0.447236,0,0,10.0019,9.99815,1454,36,0,110,1462,92,0,89,3243
336,0.966102,0.510687,0.442786,0,0,10.0019,9.99815,1486,2,0,112,1496,57,0,89,3242
337,0.550321,0.509637,0.453039,0,0,10.0019,9.99784,1291,210,0,99,1303,257,0,82,3242
338,0.980769,0.509984,0.462366,0,0,10.0019,9.99784,1496,1,0,100,1507,51,0,86,3241
339,0.518797,0.509343,0.459854,0,0,10.0022,9.99784,947,576,0,74,960,621,0,63,3241
340,0.98,0.508584,0.457516,0,0,10.0022,9.99784,1516,1,0,83,1521,49,0,70,3240
341,0.518621,0.508584,0.457516,0,0,10.0021,9.99785,819,698,0,83,818,752,0,70,3240
342,1,0.509109,0.450549,0,0,10.0021,9.99785,1509,0,0,100,1509,56,0,82,3256
343,0.982456,0.509109,0.450549,0,0,10.0021,9.99785,1508,1,0,100,1509,56,0,82,3256
344,0.95,0.509109,0.450549,0,0,10.0021,9.99785,1506,3,0,100,1508,57,0,82,3256
345,0.965517,0.508943,0.453039,0,0,10.0021,9.99785,1508,2,0,99,1509,56,0,82,3256
346,0.69697,0.508431,0.459302,0,0,10.0021,9.99785,1476,40,0,93,1476,92,0,79,3256
347,0.981818,0.508271,0.456647,0,0,10.0021,9.99785,1515,1,0,94,1513,54,0,79,3256
348,0.558468,0.509161,0.427586,0,0,10.0021,9.99785,1308,219,0,83,1307,277,0,62,3256
349,1,0.508857,0.421053,0,0,10.0021,9.99785,1525,0,0,88,1519,61,0,64,3257
350,0.51964,0.507663,0.432,0,0,10.0021,9.99786,955,587,0,71,955,635,0,54,3257
351,0.980392,0.507855,0.4,0,0,10.0021,9.99786,1534,1,0,90,1534,50,0,60,3269
352,0.517507,0.508018,0.4,0,0,10.0018,9.99817,845,689,0,90,845,739,0,60,3268
353,0.981132,0.508693,0.435028,0,0,10.0018,9.99817,1525,1,0,100,1528,52,0,77,3283
354,0.980769,0.508535,0.435028,0,0,10.0018,9.99817,1525,1,0,100,1528,51,0,77,3282
355,0.931034,0.508529,0.434286,0,0,10.0018,9.99817,1523,4,0,99,1526,54,0,76,3282
356,0.962963,0.508529,0.434286,0,0,10.0018,9.99817,1525,2,0,99,1528,52,0,76,3282
357,0.681159,0.508665,0.427711,0,0,10.0018,9.99817,1487,44,0,95,1491,94,0,71,3282
358,0.962264,0.508665,0.42515,0,0,10.0018,9.99817,1529,2,0,96,1534,51,0,71,3283
359,0.542574,0.507638,0.432624,0,0,10.0018,9.99787,1316,231,0,80,1321,274,0,61,3283
360,0.978723,0.508124,0.43871,0,0,10.0018,9.99787,1543,1,0,87,1549,46,0,68,3294
361,0.517857,0.507581,0.4375,0,0,10.0018,9.99819,965,594,0,72,969,638,0,56,3294
362,0.979167,0.5076,0.423841,0,0,10.0018,9.99819,1554,1,0,87,1556,47,0,64,3309
363,0.515991,0.5076,0.423841,0,0,10.0021,9.99819,874,681,0,87,877,726,0,64,3309
364,0.979592,0.508129,0.436464,0,0,10.0021,9.99819,1542,1,0,102,1546,48,0,79,3318
365,0.979592,0.508129,0.436464,0,0,10.0021,9.99819,1542,1,0,102,1546,48,0,79,3318
366,0.910714,0.507805,0.441341,0,0,10.0021,9.99819,1540,5,0,100,1543,51,0,79,3318
367,0.942308,0.507805,0.441341,0,0,10.0021,9.99789,1542,3,0,100,1545,49,0,79,3318
368,0.669065,0.508113,0.431034,0,0,10.0021,9.99789,1500,46,0,99,1504,93,0,75,3317
369,0.960784,0.508437,0.435028,0,0,10.0021,9.99789,1542,2,0,100,1548,49,0,77,3318
370,0.544402,0.508077,0.434783,0,0,10.0021,9.99789,1317,236,0,91,1322,282,0,70,3318
371,1,0.507937,0.428571,0,0,10.0021,9.99789,1550,0,0,96,1551,49,0,72,3318
372,0.516693,0.507078,0.431655,0,0,10.0024,9.9979,959,608,0,79,962,650,0,60,3318
373,1,0.507265,0.427711,0,0,10.0024,9.9979,1560,0,0,95,1560,46,0,71,3332
374,0.516222,0.507265,0.427711,0,0,10.0027,9.9979,889,671,0,95,890,716,0,71,3332
375,1,0.508113,0.42268,0,0,10.0027,9.9979,1546,0,0,112,1550,47,0,82,3337
376,1,0.508113,0.42268,0,0,10.0027,9.9979,1546,0,0,112,1549,48,0,82,3337
377,0.883333,0.507952,0.42487,0,0,10.0027,9.9979,1540,7,0,111,1544,53,0,82,3337
378,0.941176,0.507952,0.42487,0,0,10.0027,9.9979,1544,3,0,111,1549,48,0,82,3337
379,0.65035,0.507458,0.430108,0,0,10.0027,9.9982,1502,50,0,106,1506,93,0,80,3337
380,0.978261,0.507619,0.430108,0,0,10.0027,9.9982,1550,1,0,106,1554,45,0,80,3336
381,0.528195,0.505512,0.459627,0,0,10.0024,9.99821,1319,251,0,87,1324,281,0,74,3336
382,0.969697,0.505522,0.471264,0,0,10.0024,9.99821,1566,1,0,92,1570,32,0,82,3343
383,0.515103,0.506725,0.438356,0,0,10.0024,9.99821,967,610,0,82,972,648,0,64,3343
384,0.977778,0.50721,0.438272,0,0,10.0024,9.99821,1571,1,0,91,1574,44,0,71,3352
385,0.516581,0.50721,0.438272,0,0,10.0024,9.99822,916,656,0,91,917,701,0,71,3352
386,0.977778,0.507862,0.431579,0,0,10.0021,9.99822,1564,1,0,108,1571,44,0,82,3370
387,1,0.508021,0.431579,0,0,10.0021,9.99822,1564,0,0,108,1572,43,0,82,3369
388,0.862069,0.507862,0.433862,0,0,10.0021,9.99822,1557,8,0,107,1565,50,0,82,3369
389,0.918367,0.507862,0.433862,0,0,10.0021,9.99822,1561,4,0,107,1570,45,0,82,3369
390,0.644737,0.507827,0.428571,0,0,10.0021,9.99822,1518,54,0,100,1524,98,0,75,3369
391,0.957447,0.507832,0.435028,0,0,10.0021,9.99822,1569,2,0,100,1576,45,0,77,3369
392,0.532028,0.506687,0.448052,0,0,10.0021,9.99792,1323,263,0,85,1330,299,0,69,3369
393,0.973684,0.506862,0.450617,0,0,10.0021,9.99792,1580,1,0,89,1588,37,0,73,3368
394,0.513344,0.506799,0.439394,0,0,10.0021,9.99793,976,620,0,74,986,654,0,58,3368
395,1,0.506972,0.444444,0,0,10.0021,9.99793,1591,0,0,90,1596,40,0,72,3389
396,0.514925,0.506972,0.444444,0,0,10.0021,9.99794,941,650,0,90,946,690,0,72,3389
397,1,0.507481,0.438144,0,0,10.0021,9.99794,1580,0,0,109,1587,41,0,85,3402
398,0.97619,0.507481,0.438144,0,0,10.0021,9.99794,1579,1,0,109,1587,41,0,85,3402
399,0.847458,0.50763,0.434555,0,0,10.0021,9.99794,1572,9,0,108,1580,50,0,83,3402
400,0.958333,0.507788,0.432292,0,0,10.0021,9.99794,1578,2,0,109,1584,46,0,83,3402
401,0.626582,0.507305,0.44086,0,0,10.0021,9.99794,1526,59,0,104,1533,99,0,82,3403
402,0.976744,0.507152,0.442105,0,0,10.0021,9.99794,1584,1,0,106,1589,42,0,84,3406
403,0.530612,0.506321,0.447853,0,0,10.0021,9.99795,1325,276,0,90,1330,312,0,73,3406
404,1,0.506489,0.451429,0,0,10.0021,9.99795,1597,0,0,96,1600,39,0,79,3411
405,0.513138,0.505515,0.462585,0,0,10.002,9.99795,984,630,0,79,986,664,0,68,3411
406,0.948718,0.505085,0.494118,0,0,10.002,9.99795,1604,2,0,86,1602,37,0,84,3415
407,0.513349,0.505085,0.494118,0,0,10.002,9.99796,968,638,0,86,966,673,0,84,3415
408,0.948718,0.503566,0.49,0,0,10.002,9.99796,1599,2,0,102,1587,37,0,98,3425
409,0.972973,0.503566,0.49,0,0,10.002,9.99796,1600,1,0,102,1588,36,0,98,3425
410,0.86,0.503566,0.49,0,0,10.002,9.99796,1594,7,0,102,1581,43,0,98,3425
411,0.95,0.503722,0.492537,0,0,10.002,9.99796,1598,2,0,102,1586,38,0,99,3425
412,0.615854,0.504171,0.484043,0,0,10.002,9.99796,1542,63,0,97,1531,101,0,91,3425
413,0.930233,0.504173,0.484211,0,0,10.002,9.99796,1601,3,0,98,1591,40,0,92,3425
414,0.531879,0.503845,0.488506,0,0,10.002,9.99825,1334,279,0,89,1321,317,0,85,3425
415,0.975,0.504155,0.481283,0,0,10.002,9.99825,1610,1,0,97,1599,39,0,90,3436
416,0.51072,0.503204,0.496855,0,0,10.002,9.99826,989,639,0,80,982,667,0,79,3436
417,1,0.502764,0.492063,0,0,10.002,9.99826,1619,0,0,96,1604,33,0,93,3445
418,0.506211,0.502764,0.492063,0,0,10.002,9.99826,983,636,0,96,985,652,0,93,3445
419,0.947368,0.502776,0.502392,0,0,10.002,9.99826,1611,1,0,104,1612,18,0,105,3451
420,0.947368,0.502776,0.502392,0,0,10.002,9.99826,1611,1,0,104,1612,18,0,105,3451
421,0.8125,0.503083,0.497585,0,0,10.002,9.99826,1606,6,0,104,1606,26,0,103,3451
422,0.88,0.502929,0.497585,0,0,10.002,9.99826,1609,3,0,104,1609,22,0,103,3450
423,0.56,0.502922,0.497487,0,0,10.002,9.99826,1550,66,0,100,1551,84,0,99,3450
424,0.956522,0.503077,0.502488,0,0,10.002,9.99826,1614,1,0,100,1613,22,0,101,3451
425,0.514851,0.502744,0.508772,0,0,10.002,9.99827,1337,294,0,84,1337,312,0,87,3451
426,1,0.502595,0.51087,0,0,10.002,9.99827,1629,0,0,90,1624,22,0,94,3459
427,0.504573,0.501663,0.532895,0,0,10.002,9.99828,998,650,0,71,997,662,0,81,3459
428,0.941176,0.502122,0.538043,0,0,10.002,9.99828,1641,1,0,85,1640,16,0,99,3482
429,0.50513,0.502122,0.538043,0,0,10.002,9.99829,1015,627,0,85,1016,640,0,99,3482
430,0.823529,0.501976,0.528571,0,0,10.002,9.99829,1635,3,0,99,1637,14,0,111,3499
431,1,0.502128,0.526316,0,0,10.002,9.99829,1638,0,0,99,1639,13,0,110,3499
432,0.666667,0.502125,0.526829,0,0,10.002,9.99829,1630,10,0,97,1634,20,0,108,3499
433,0.8125,0.502125,0.524272,0,0,10.002,9.99829,1637,3,0,98,1641,13,0,108,3500
434,0.539474,0.502117,0.525773,0,0,10.002,9.99829,1576,70,0,92,1578,82,0,102,3500
435,0.928571,0.502117,0.527638,0,0,10.002,9.99829,1645,1,0,94,1647,13,0,105,3505
436,0.516234,0.503454,0.505682,0,0,10.002,9.99829,1355,298,0,87,1358,318,0,89,3505
437,0.954545,0.503307,0.5,0,0,10.002,9.99829,1651,1,0,95,1653,21,0,95,3516
438,0.506358,0.502832,0.50625,0,0,10.002,9.9983,1008,660,0,79,1010,677,0,81,3515
439,0.92,0.501946,0.486188,0,0,10.0017,9.9983,1662,2,0,93,1654,23,0,88,3522
440,0.507143,0.501946,0.483516,0,0,10.0017,9.9983,1043,621,0,94,1038,639,0,88,3523
441,0.954545,0.502103,0.485437,0,0,10.0017,9.9983,1656,1,0,106,1650,21,0,100,3534
442,0.869565,0.502103,0.485437,0,0,10.002,9.9983,1654,3,0,106,1651,20,0,100,3534
443,0.736842,0.502102,0.487805,0,0,10.002,9.9983,1648,10,0,105,1644,28,0,100,3535
444,0.875,0.502102,0.487805,0,0,10.002,9.9983,1655,3,0,105,1651,21,0,100,3535
445,0.547059,0.501795,0.492228,0,0,10.002,9.9983,1588,77,0,98,1584,93,0,95,3535
446,0.894737,0.501645,0.502564,0,0,10.002,9.9983,1664,2,0,97,1660,17,0,98,3538
447,0.510172,0.501334,0.509091,0,0,10.002,9.99831,1369,313,0,81,1365,326,0,84,3538
448,0.933333,0.500743,0.50838,0,0,10.002,9.99831,1680,1,0,88,1672,14,0,91,3546
449,0.503361,0.501329,0.496855,0,0,10.0017,9.99832,1024,665,0,80,1024,674,0,79,3546
450,1,0.500593,0.489583,0,0,10.0017,9.99832,1684,0,0,98,1672,16,0,94,3564
451,0.504032,0.500593,0.489583,0,0,10.0017,9.99832,1069,615,0,98,1063,625,0,94,3564
452,0.866667,0.501191,0.465753,0,0,10.0017,9.99832,1673,2,0,117,1670,13,0,102,3577
453,0.933333,0.501191,0.465753,0,0,10.0017,9.99832,1674,1,0,117,1669,14,0,102,3577
454,0.694444,0.501488,0.460829,0,0,10.0017,9.99832,1664,11,0,117,1660,25,0,100,3577
455,0.894737,0.501488,0.460829,0,0,10.0017,9.99832,1673,2,0,117,1668,17,0,100,3577
456,0.540984,0.501631,0.455882,0,0,10.0017,9.99832,1597,84,0,111,1593,99,0,93,3577
457,0.894737,0.501928,0.451923,0,0,10.0017,9.99832,1677,2,0,114,1675,17,0,94,3579
458,0.511211,0.502498,0.431818,0,0,10.0017,9.99833,1366,327,0,100,1368,342,0,76,3579
459,0.944444,0.502502,0.438503,0,0,10.0017,9.99833,1689,1,0,105,1690,17,0,82,3584
460,0.503321,0.502044,0.4375,0,0,10.0017,9.99833,1032,673,0,90,1037,682,0,70,3584
461,0.933333,0.502641,0.455497,0,0,10.0017,9.99833,1694,1,0,104,1699,14,0,87,3599
462,0.504902,0.502641,0.455497,0,0,10.0017,9.99834,1089,606,0,104,1095,618,0,87,3599
463,0.75,0.50236,0.465438,0,0,10.0017,9.99834,1683,4,0,116,1691,12,0,101,3607
464,1,0.50236,0.465438,0,0,10.0017,9.99834,1687,0,0,116,1693,10,0,101,3607
465,0.676471,0.502504,0.462264,0,0,10.0017,9.99834,1678,11,0,114,1683,23,0,98,3607
466,0.789474,0.502504,0.464789,0,0,10.0017,9.99834,1685,4,0,114,1691,15,0,99,3608
467,0.531579,0.5022,0.467337,0,0,10.0017,9.99834,1608,89,0,106,1611,101,0,93,3608
468,0.777778,0.5022,0.468599,0,0,10.0017,9.99834,1693,4,0,110,1698,14,0,97,3616
469,0.502209,0.501166,0.483871,0,0,10.0017,9.99834,1373,338,0,96,1378,341,0,90,3616
470,0.833333,0.5019,0.489691,0,0,10.0017,9.99834,1703,1,0,99,1712,5,0,95,3615
471,0.502579,0.502031,0.482353,0,0,10.0017,9.99834,1041,675,0,88,1048,682,0,82,3616
472,0.916667,0.501604,0.492147,0,0,10.0017,9.99834,1708,1,0,97,1709,11,0,94,3620
473,0.502496,0.501604,0.492147,0,0,10.0017,9.99862,1111,598,0,97,1116,604,0,94,3620
474,0.857143,0.502343,0.481651,0,0,10.0017,9.99862,1697,2,0,113,1703,12,0,105,3632
475,0.909091,0.502343,0.481651,0,0,10.0017,9.99862,1698,1,0,113,1705,10,0,105,3632
476,0.666667,0.50278,0.474419,0,0,10.0017,9.99862,1688,11,0,113,1696,22,0,102,3632
477,0.888889,0.50278,0.476852,0,0,10.0017,9.99862,1697,2,0,113,1702,16,0,103,3633
478,0.521739,0.502769,0.475248,0,0,10.0016,9.99863,1607,99,0,106,1617,108,0,96,3633
479,0.842105,0.502915,0.475962,0,0,10.0016,9.99863,1702,3,0,109,1709,16,0,99,3638
480,0.510519,0.502455,0.48,0,0,10.0016,9.99835,1374,349,0,91,1376,364,0,84,3638
481,1,0.502894,0.478495,0,0,10.0016,9.99835,1718,0,0,97,1721,17,0,89,3642
482,0.500726,0.501292,0.509434,0,0,10.0016,9.99836,1049,688,0,78,1056,690,0,81,3642
483,0.857143,0.501153,0.492063,0,0,10.0016,9.99836,1730,1,0,96,1733,6,0,93,3659
484,0.502547,0.501153,0.492063,0,0,10.0016,9.99836,1145,586,0,96,1147,592,0,93,3659
485,0.7,0.501735,0.480769,0,0,10.0016,9.99836,1720,3,0,108,1728,7,0,100,3666
486,1,0.501735,0.480769,0,0,10.0016,9.99836,1723,0,0,108,1730,5,0,100,3666
487,0.53125,0.501444,0.485294,0,0,10.0016,9.99836,1711,15,0,105,1719,17,0,99,3666
488,0.571429,0.5013,0.487805,0,0,10.0016,9.99836,1723,3,0,105,1731,4,0,100,3666
489,0.507317,0.50144,0.484536,0,0,10.0016,9.99836,1630,101,0,100,1637,104,0,94,3666
490,0.583333,0.50144,0.482051,0,0,10.0019,9.99836,1726,5,0,101,1734,7,0,94,3667
491,0.505556,0.501856,0.466667,0,0,10.0019,9.99836,1389,356,0,88,1394,364,0,77,3668
492,0.846154,0.501717,0.459302,0,0,10.0019,9.99836,1739,2,0,93,1742,11,0,79,3666
493,0.503571,0.501846,0.448276,0,0,10.0019,9.9981,1059,695,0,80,1062,705,0,65,3666
494,1,0.501998,0.45,0,0,10.0019,9.9981,1745,0,0,99,1747,12,0,81,3684
495,0.505983,0.501998,0.45,0,0,10.0019,9.9981,1167,578,0,99,1167,592,0,81,3684
496,0.9,0.501863,0.462687,0,0,10.0019,9.9981,1736,2,0,108,1733,18,0,93,3690
497,0.941176,0.501863,0.462687,0,0,10.0019,9.9981,1737,1,0,108,1735,16,0,93,3690
498,0.634615,0.501859,0.46114,0,0,10.0019,9.9981,1723,19,0,104,1722,33,0,89,3690
499,0.809524,0.501859,0.46114,0,0,10.0019,9.9981,1738,4,0,104,1738,17,0,89,3690
500,0.53125,0.501997,0.456522,0,0,10.0019,9.99783,1641,105,0,100,1641,119,0,84,3690
501,0.857143,0.50214,0.457895,0,0,10.0019,9.99783,1742,3,0,103,1742,18,0,87,3695
502,0.510094,0.502552,0.443787,0,0,10.0019,9.99784,1390,364,0,94,1393,379,0,75,3695
503,0.947368,0.502843,0.441341,0,0,10.0019,9.99784,1748,1,0,100,1751,18,0,79,3697
504,0.504237,0.502256,0.443709,0,0,10.0019,9.99811,1063,702,0,84,1067,714,0,67,3697
505,1,0.503116,0.448864,0,0,10.0019,9.99811,1754,0,0,97,1761,15,0,79,3706
506,0.50477,0.503116,0.448864,0,0,10.0019,9.99812,1183,571,0,97,1194,582,0,79,3706
507,0.888889,0.503121,0.45,0,0,10.0019,9.99812,1749,2,0,110,1757,16,0,90,3724
508,0.941176,0.503264,0.45,0,0,10.0019,9.99812,1749,1,0,110,1757,16,0,90,3723
509,0.610169,0.503259,0.448454,0,0,10.0019,9.99812,1730,23,0,107,1740,36,0,87,3723
510,0.85,0.503259,0.451282,0,0,10.0019,9.99812,1750,3,0,107,1759,17,0,88,3724
511,0.532189,0.503107,0.448649,0,0,10.0019,9.99812,1650,109,0,102,1657,124,0,83,3725
512,0.818182,0.502826,0.4375,0,0,10.0019,9.99812,1755,4,0,108,1761,18,0,84,3730
513,0.508519,0.501962,0.444444,0,0,10.0019,9.99813,1402,375,0,90,1403,388,0,72,3730
514,0.888889,0.501825,0.450549,0,0,10.0019,9.99813,1772,2,0,100,1771,16,0,82,3743
515,0.504587,0.501117,0.460123,0,0,10.0021,9.99787,1084,702,0,88,1079,715,0,75,3743
516,0.9375,0.501262,0.492308,0,0,10.0021,9.99787,1777,1,0,99,1772,15,0,96,3760
517,0.503497,0.501262,0.492308,0,0,10.0021,9.99788,1210,568,0,99,1211,576,0,96,3760
518,0.866667,0.501546,0.491071,0,0,10.0021,9.99788,1771,2,0,114,1771,13,0,110,3781
519,0.928571,0.501546,0.491071,0,0,10.0021,9.99788,1772,1,0,114,1771,13,0,110,3781
520,0.596491,0.501405,0.493274,0,0,10.0021,9.99788,1751,23,0,113,1750,34,0,110,3781
521,0.823529,0.501405,0.495536,0,0,10.0021,9.99788,1771,3,0,113,1770,14,0,111,3782
522,0.510638,0.500841,0.50463,0,0,10.0021,9.99789,1665,115,0,107,1666,120,0,109,3782
523,0.642857,0.500701,0.504587,0,0,10.0021,9.99815,1775,5,0,108,1776,9,0,110,3783
524,0.501279,0.500278,0.51087,0,0,10.0021,9.99815,1409,390,0,90,1409,392,0,94,3784
525,1,0.5,0.512821,0,0,10.0021,9.99815,1795,0,0,95,1793,2,0,100,3785
526,0.501767,0.500554,0.50289,0,0,10.0024,9.99815,1099,705,0,86,1098,710,0,87,3785
527,1,0.500834,0.5,0,0,10.0024,9.99815,1795,0,0,98,1794,7,0,98,3792
528,0.500883,0.500834,0.5,0,0,10.0024,9.99816,1230,565,0,98,1234,567,0,98,3792
529,0.666667,0.500558,0.495455,0,0,10.0024,9.99816,1789,2,0,111,1791,4,0,109,3806
530,0.8,0.500558,0.495455,0,0,10.0024,9.99816,1790,1,0,111,1791,4,0,109,3806
531,0.518519,0.500417,0.497653,0,0,10.0024,9.99816,1769,26,0,107,1770,28,0,106,3806
532,0.625,0.500557,0.497674,0,0,10.0024,9.99816,1791,3,0,108,1793,5,0,107,3807
533,0.495833,0.500278,0.5,0,0,10.0024,9.99816,1679,121,0,103,1683,119,0,103,3808
534,0.583333,0.500278,0.507042,0,0,10.0024,9.99816,1793,5,0,105,1793,7,0,108,3811
535,0.499374,0.500138,0.510638,0,0,10.0024,9.99817,1411,400,0,92,1413,399,0,96,3811
536,0.5,0.500138,0.52,0,0,10.0024,9.99817,1808,1,0,96,1809,1,0,104,3819
537,0.501059,0.5,0.525714,0,0,10.0026,9.99818,1115,707,0,83,1112,710,0,92,3819
538,0.571429,0.5,0.521951,0,0,10.0026,9.99818,1814,3,0,98,1813,4,0,107,3839
539,0.499553,0.5,0.521951,0,0,10.0026,9.99818,1257,560,0,98,1258,559,0,107,3839
540,0.333333,0.5,0.511013,0,0,10.0026,9.99818,1807,4,0,111,1809,2,0,116,3849
541,0.571429,0.499862,0.513274,0,0,10.0026,9.99818,1809,3,0,110,1807,4,0,116,3849
542,0.45614,0.499311,0.522727,0,0,10.0026,9.99818,1786,31,0,105,1786,26,0,115,3849
543,0.25,0.499035,0.522727,0,0,10.0026,9.99818,1808,9,0,105,1807,3,0,115,3847
544,0.492308,0.49904,0.525,0,0,10.0026,9.99818,1695,132,0,95,1692,128,0,105,3847
545,0.307692,0.499314,0.531707,0,0,10.0026,9.99818,1816,9,0,96,1816,4,0,109,3850
546,0.50241,0.50068,0.508671,0,0,10.0026,9.99819,1423,413,0,85,1424,417,0,88,3850
547,0.75,0.500544,0.513369,0,0,10.0026,9.99819,1833,2,0,91,1833,6,0,96,3861
548,0.50208,0.50054,0.515924,0,0,10.0026,9.9982,1132,718,0,76,1130,724,0,81,3861
549,0.857143,0.500407,0.515625,0,0,10.0026,9.9982,1841,1,0,93,1839,6,0,99,3879
550,0.50135,0.500407,0.515625,0,0,10.0026,9.9982,1288,554,0,93,1288,557,0,99,3879
551,0.818182,0.500272,0.506849,0,0,10.0026,9.9982,1837,2,0,108,1832,9,0,111,3899
552,0.666667,0.500272,0.506849,0,0,10.0026,9.9982,1835,4,0,108,1833,8,0,111,3899
553,0.528302,0.500272,0.506912,0,0,10.0026,9.9982,1815,25,0,107,1814,28,0,110,3899
554,0.615385,0.5,0.511521,0,0,10.0026,9.9982,1836,5,0,106,1833,8,0,111,3899
555,0.511278,0.500135,0.509709,0,0,10.0026,9.99821,1716,130,0,101,1711,136,0,105,3899
556,0.714286,0.5,0.509524,0,0,10.0026,9.99821,1842,4,0,103,1836,10,0,107,3902
557,0.502945,0.499865,0.513369,0,0,10.0026,9.99847,1436,422,0,91,1430,427,0,96,3902
558,0.692308,0.499191,0.509434,0,0,10.0026,9.99847,1853,4,0,104,1842,9,0,108,3920
559,0.499308,0.498928,0.515957,0,0,10.0026,9.99847,1146,724,0,91,1140,722,0,97,3920
560,0.375,0.498653,0.507177,0,0,10.0025,9.99873,1856,5,0,103,1848,3,0,106,3921
561,0.498638,0.498653,0.509524,0,0,10.0025,9.99873,1309,552,0,103,1302,549,0,107,3922
562,0.3,0.498919,0.513043,0,0,10.0025,9.99873,1847,7,0,112,1843,3,0,118,3930
563,0.3,0.498784,0.515284,0,0,10.0025,9.99873,1848,7,0,111,1843,3,0,118,3930
564,0.467742,0.499191,0.509009,0,0,10.0025,9.99873,1824,33,0,109,1822,29,0,113,3930
565,0.384615,0.499326,0.513393,0,0,10.0025,9.99873,1848,8,0,109,1846,5,0,115,3931
566,0.501818,0.499866,0.504717,0,0,10.0025,9.99847,1723,137,0,105,1721,138,0,107,3931
567,0.6,0.500269,0.497696,0,0,10.0025,9.99847,1853,4,0,109,1853,6,0,108,3933
568,0.498278,0.500267,0.497326,0,0,10.0025,9.99848,1435,437,0,94,1440,434,0,93,3933
569,0.285714,0.500535,0.490291,0,0,10.0025,9.99848,1862,5,0,105,1869,2,0,101,3944
570,0.498272,0.500133,0.497268,0,0,10.0025,9.99848,1154,726,0,92,1160,721,0,91,3944
571,0.153846,0.4996,0.502347,0,0,10.0025,9.99848,1864,11,0,106,1870,2,0,107,3960
572,0.497263,0.4996,0.502347,0,0,10.0025,9.99849,1324,551,0,106,1327,545,0,107,3960
573,0.2,0.499732,0.517241,0,0,10.0025,9.99849,1861,8,0,112,1865,2,0,120,3968
574,0.214286,0.499732,0.517241,0,0,10.0025,9.99849,1858,11,0,112,1864,3,0,120,3968
575,0.5,0.500134,0.511013,0,0,10.0023,9.99849,1836,34,0,111,1837,34,0,116,3968
576,0.363636,0.500134,0.515284,0,0,10.0023,9.99849,1863,7,0,111,1867,4,0,118,3970
577,0.503472,0.500399,0.511628,0,0,10.0023,9.99849,1733,143,0,105,1734,145,0,110,3970
578,0.615385,0.500533,0.513889,0,0,10.0023,9.99849,1869,5,0,105,1870,8,0,111,3968
579,0.503356,0.50066,0.516484,0,0,10.0025,9.99849,1447,444,0,88,1446,450,0,94,3969
580,0.666667,0.500132,0.505051,0,0,10.0025,9.99849,1883,4,0,98,1880,8,0,100,3973
581,0.50103,0.499869,0.511765,0,0,10.0025,9.99849,1175,727,0,83,1171,730,0,87,3973
582,0.538462,0.49934,0.51269,0,0,10.0025,9.99849,1891,6,0,96,1885,7,0,101,3986
583,0.501398,0.49934,0.51269,0,0,10.0025,9.99825,1362,535,0,96,1354,538,0,101,3986
584,0.7,0.500529,0.509009,0,0,10.0025,9.99825,1884,3,0,109,1884,7,0,113,4000
585,0.727273,0.500529,0.509009,0,0,10.0025,9.99825,1884,3,0,109,1883,8,0,113,4000
586,0.526316,0.500529,0.509174,0,0,10.0025,9.99825,1853,36,0,107,1853,40,0,111,4000
587,0.75,0.500529,0.513636,0,0,10.0025,9.99825,1886,3,0,107,1884,9,0,113,4002
588,0.507937,0.500394,0.517949,0,0,10.003,9.99825,1747,155,0,94,1745,160,0,101,4002
589,0.642857,0.500525,0.51,0,0,10.003,9.99825,1896,5,0,98,1896,9,0,102,4006
590,0.497783,0.500131,0.519553,0,0,10.003,9.99826,1460,453,0,86,1465,449,0,93,4006
591,0.416667,0.500262,0.51269,0,0,10.003,9.99826,1901,7,0,96,1905,5,0,101,4015
592,0.497271,0.500651,0.505682,0,0,10.003,9.99851,1181,737,0,87,1194,729,0,89,4017
593,0.333333,0.500131,0.502513,0,0,10.003,9.99851,1901,10,0,99,1907,5,0,100,4022
594,0.500938,0.500131,0.502513,0,0,10.0032,9.99851,1379,532,0,99,1378,534,0,100,4022
595,0.727273,0.500655,0.493151,0,0,10.0032,9.99851,1903,3,0,111,1903,8,0,108,4036
596,0.727273,0.500655,0.493151,0,0,10.0035,9.99851,1903,3,0,111,1903,8,0,108,4036
597,0.5125,0.500262,0.5,0,0,10.0035,9.99851,1871,39,0,108,1871,41,0,108,4038
598,0.615385,0.500131,0.502304,0,0,10.0035,9.99851,1905,5,0,108,1903,8,0,109,4038
599,0.503049,0.49974,0.510101,0,0,10.0035,9.99852,1758,163,0,97,1754,165,0,101,4038
600,0.5,0.49987,0.504854,0,0,10.0035,9.99852,1913,6,0,102,1912,6,0,104,4043
601,0.502179,0.500129,0.5,0,0,10.0035,9.99852,1476,457,0,88,1473,461,0,88,4043
602,0.5625,0.50013,0.5,0,0,10.0037,9.99852,1919,7,0,95,1918,9,0,95,4043
603,0.501716,0.501033,0.479532,0,0,10.0039,9.99853,1206,726,0,89,1209,731,0,82,4043
604,0.647059,0.500389,0.490741,0,0,10.0039,9.99853,1923,6,0,110,1921,11,0,106,4077
605,0.503305,0.500389,0.490741,0,0,10.0039,9.99853,1403,526,0,110,1399,533,0,106,4077
606,0.777778,0.50052,0.469828,0,0,10.0039,9.99853,1916,4,0,123,1910,14,0,109,4076
607,0.857143,0.50052,0.469828,0,0,10.0039,9.99853,1918,2,0,123,1912,12,0,109,4076
608,0.539326,0.50065,0.467532,0,0,10.0039,9.99853,1879,41,0,123,1877,48,0,108,4076
609,0.842105,0.501041,0.461538,0,0,10.0039,9.99853,1915,3,0,126,1910,16,0,108,4078
610,0.508523,0.500518,0.46789,0,0,10.0039,9.99853,1755,173,0,116,1753,179,0,102,4078
611,0.733333,0.500259,0.462882,0,0,10.0039,9.99853,1924,4,0,123,1919,11,0,106,4087
612,0.504274,0.500386,0.455446,0,0,10.0037,9.99853,1477,464,0,110,1472,472,0,92,4087
613,0.666667,0.5,0.452489,0,0,10.0037,9.99853,1929,6,0,121,1923,12,0,100,4091
614,0.500678,0.500128,0.446154,0,0,10.0037,9.99854,1211,736,0,108,1210,738,0,87,4090
615,0.538462,0.499098,0.454545,0,0,10.0037,9.99854,1937,6,0,120,1929,7,0,100,4099
616,0.499031,0.499098,0.454545,0,0,10.0036,9.99854,1426,517,0,120,1421,515,0,100,4099
617,0.583333,0.498709,0.451477,0,0,10.0036,9.99854,1937,5,0,130,1925,7,0,107,4111
618,0.5,0.498838,0.451477,0,0,10.0036,9.99854,1936,5,0,130,1927,5,0,107,4110
619,0.506173,0.498581,0.454936,0,0,10.0037,9.99854,1904,40,0,127,1892,41,0,106,4110
620,0.454545,0.498452,0.456897,0,0,10.0037,9.99854,1938,6,0,126,1927,5,0,106,4108
621,0.498615,0.498202,0.455814,0,0,10.0036,9.9983,1773,181,0,117,1760,180,0,98,4109
622,0.4375,0.498458,0.466063,0,0,10.0036,9.9983,1942,9,0,118,1932,7,0,103,4111
623,0.497326,0.498339,0.462312,0,0,10.0034,9.99831,1493,470,0,107,1485,465,0,92,4112
624,0.428571,0.498464,0.484581,0,0,10.0034,9.99831,1951,8,0,117,1941,6,0,110,4133
625,0.494936,0.49809,0.490291,0,0,10.0034,9.99807,1223,748,0,105,1223,733,0,101,4133
626,0.275862,0.497955,0.504464,0,0,10.0034,9.99807,1943,21,0,111,1940,8,0,113,4136
627,0.491787,0.497828,0.504464,0,0,10.0034,9.99783,1439,526,0,111,1439,509,0,113,4137
628,0.233333,0.498081,0.502075,0,0,10.0034,9.99783,1939,23,0,120,1940,7,0,121,4150
629,0.217391,0.498081,0.502075,0,0,10.0031,9.99783,1944,18,0,120,1942,5,0,121,4150
630,0.423077,0.49783,0.508547,0,0,10.0031,9.99783,1907,60,0,115,1906,44,0,119,4151
631,0.181818,0.49783,0.510638,0,0,10.0031,9.99783,1949,18,0,115,1946,4,0,120,4152
632,0.481771,0.497838,0.511312,0,0,10.0031,9.99783,1775,199,0,108,1772,185,0,113,4152
633,0.185185,0.497963,0.510917,0,0,10.0031,9.99784,1950,22,0,112,1951,5,0,117,4157
634,0.493414,0.498364,0.502703,0,0,10.0029,9.99783,1493,500,0,92,1493,487,0,93,4158
635,0.230769,0.499115,0.502538,0,0,10.0029,9.99783,1962,20,0,98,1969,6,0,99,4154
636,0.492568,0.498113,0.52514,0,0,10.0029,9.99784,1244,751,0,85,1251,729,0,94,4154
637,0.184211,0.498105,0.507177,0,0,10.0029,9.99784,1955,31,0,103,1964,7,0,106,4166
638,0.489403,0.498105,0.504762,0,0,10.0029,9.99784,1456,530,0,104,1463,508,0,106,4167
639,0.184211,0.497468,0.511111,0,0,10.0029,9.99784,1954,31,0,110,1958,7,0,115,4175
640,0.157895,0.497468,0.511111,0,0,10.0029,9.99784,1953,32,0,110,1959,6,0,115,4175
641,0.396694,0.497222,0.518692,0,0,10.0029,9.99784,1918,73,0,103,1921,48,0,111,4174
642,0.138889,0.497095,0.516279,0,0,10.0029,9.99784,1960,31,0,104,1963,5,0,111,4174
643,0.46683,0.496732,0.52551,0,0,10.0029,9.99785,1785,217,0,93,1786,190,0,103,4174
644,0.102564,0.49698,0.517073,0,0,10.0029,9.99785,1964,35,0,99,1971,4,0,106,4179
645,0.48913,0.497124,0.516484,0,0,10.0029,9.99785,1494,517,0,88,1493,495,0,94,4181
646,0.184211,0.496988,0.52,0,0,10.0029,9.99785,1973,31,0,96,1973,7,0,104,4184
647,0.491903,0.496877,0.524862,0,0,10.0031,9.99833,1261,753,0,86,1260,729,0,95,4184
648,0.205128,0.496489,0.529703,0,0,10.0031,9.99833,1977,31,0,95,1972,8,0,107,4190
649,0.485881,0.496489,0.529703,0,0,10.0031,9.99833,1480,528,0,95,1481,499,0,107,4190
650,0.232558,0.496983,0.527778,0,0,10.0031,9.99833,1968,33,0,102,1967,10,0,114,4194
651,0.142857,0.496983,0.527523,0,0,10.0031,9.99833,1971,30,0,103,1972,5,0,115,4196
652,0.417323,0.497366,0.521531,0,0,10.0031,9.99809,1930,74,0,100,1930,53,0,109,4196
653,0.133333,0.497491,0.521327,0,0,10.0031,9.99809,1977,26,0,101,1979,4,0,110,4197
654,0.488208,0.498381,0.505495,0,0,10.0031,9.99809,1797,217,0,90,1794,207,0,92,4197
655,0.173913,0.498752,0.489583,0,0,10.0031,9.9981,1989,19,0,98,1994,4,0,94,4198
656,0.497507,0.499627,0.462857,0,0,10.0033,9.9981,1510,504,0,94,1512,499,0,81,4200
657,0.304348,0.499004,0.469388,0,0,10.0033,9.9981,1996,16,0,104,1997,7,0,92,4212
658,0.497283,0.499133,0.463277,0,0,10.0033,9.99811,1281,740,0,95,1282,732,0,82,4212
659,0.259259,0.499005,0.478261,0,0,10.0033,9.99811,1994,20,0,108,1999,7,0,99,4227
660,0.496517,0.49913,0.475728,0,0,10.0033,9.99811,1508,506,0,108,1508,499,0,98,4227
661,0.310345,0.498878,0.470046,0,0,10.0033,9.99811,1989,20,0,115,1991,9,0,102,4226
662,0.304348,0.498878,0.470046,0,0,10.0033,9.99834,1993,16,0,115,1993,7,0,102,4226
663,0.453782,0.498631,0.471429,0,0,10.0033,9.99834,1949,65,0,111,1949,54,0,99,4227
664,0.181818,0.498632,0.4689,0,0,10.0033,9.99834,1997,18,0,111,2000,4,0,98,4228
665,0.492991,0.498636,0.467005,0,0,10.0033,9.99835,1804,217,0,105,1799,211,0,92,4228
666,0.307692,0.498883,0.480583,0,0,10.0033,9.99835,2009,9,0,107,2005,4,0,99,4233
667,0.492188,0.498151,0.494318,0,0,10.0033,9.99835,1516,520,0,89,1517,504,0,87,4233
668,0.25,0.497407,0.515625,0,0,10.0033,9.99835,2011,24,0,93,2006,8,0,99,4241
669,0.496271,0.497664,0.514451,0,0,10.0033,9.99835,1300,743,0,84,1292,732,0,89,4240
670,0.3125,0.498518,0.494949,0,0,10.0033,9.99835,2008,22,0,100,2008,10,0,98,4246
671,0.492462,0.498641,0.494949,0,0,10.0033,9.99835,1524,505,0,100,1528,490,0,98,4245
672,0.277778,0.49814,0.514423,0,0,10.0033,9.99835,1998,26,0,101,1999,10,0,107,4241
673,0.153846,0.49814,0.514423,0,0,10.0033,9.99835,2002,22,0,101,2005,4,0,107,4241
674,0.423358,0.497773,0.522613,0,0,10.0033,9.99835,1951,79,0,95,1954,58,0,104,4241
675,0.151515,0.49765,0.520202,0,0,10.0033,9.99835,2003,28,0,95,2007,5,0,103,4241
676,0.478166,0.497907,0.519337,0,0,10.0033,9.99835,1800,239,0,87,1803,219,0,94,4242
677,0.206897,0.497783,0.507937,0,0,10.0033,9.99835,2016,23,0,93,2015,6,0,96,4249
678,0.492754,0.498162,0.5,0,0,10.0033,9.99836,1523,525,0,84,1523,510,0,84,4249
679,0.1875,0.497913,0.5,0,0,10.0033,9.99836,2019,26,0,93,2022,6,0,93,4259
680,0.495946,0.49792,0.5,0,0,10.0033,9.99837,1306,746,0,86,1301,734,0,86,4259
681,0.344828,0.497793,0.512195,0,0,10.0033,9.99837,2029,19,0,100,2020,10,0,105,4283
682,0.493865,0.49767,0.512195,0,0,10.0033,9.99813,1553,495,0,100,1546,483,0,105,4282
683,0.28125,0.497664,0.509346,0,0,10.0033,9.99813,2020,23,0,105,2015,9,0,109,4281
684,0.166667,0.497541,0.509346,0,0,10.0033,9.99813,2023,20,0,105,2019,4,0,109,4280
685,0.423358,0.496811,0.52451,0,0,10.0033,9.99813,1972,79,0,97,1967,58,0,107,4280
686,0.162162,0.496689,0.52657,0,0,10.0033,9.99813,2021,31,0,98,2019,6,0,109,4284
687,0.475207,0.496707,0.52973,0,0,10.0033,9.99814,1809,254,0,87,1806,230,0,98,4284
688,0.157895,0.496457,0.517766,0,0,10.0033,9.99814,2029,32,0,95,2026,6,0,102,4290
689,0.489623,0.496846,0.511905,0,0,10.0033,9.99814,1533,541,0,82,1529,519,0,86,4290
690,0.263158,0.497204,0.518717,0,0,10.0033,9.99814,2040,28,0,90,2035,10,0,97,4300
691,0.491935,0.49709,0.525714,0,0,10.0032,9.99815,1318,756,0,83,1318,732,0,92,4299
692,0.209302,0.4972,0.490385,0,0,10.0032,9.99815,2031,34,0,106,2033,9,0,102,4315
693,0.489231,0.4972,0.490385,0,0,10.0032,9.99815,1567,498,0,106,1565,477,0,102,4315
694,0.162791,0.497197,0.497717,0,0,10.0032,9.99815,2027,36,0,110,2033,7,0,109,4322
695,0.111111,0.497197,0.497717,0,0,10.0032,9.99815,2031,32,0,110,2036,4,0,109,4322
696,0.427632,0.497811,0.485714,0,0,10.0035,9.99815,1978,87,0,108,1982,65,0,102,4322
697,0.166667,0.497931,0.490566,0,0,10.0035,9.99815,2033,30,0,108,2040,6,0,104,4321
698,0.488798,0.498788,0.471795,0,0,10.0035,9.99815,1817,251,0,103,1818,240,0,92,4321
699,0.148148,0.49903,0.458128,0,0,10.0035,9.99815,2042,23,0,110,2053,4,0,93,4325
700,0.490196,0.498191,0.47191,0,0,10.0035,9.99792,1535,546,0,94,1541,525,0,84,4325
701,0.225,0.498308,0.469388,0,0,10.0035,9.99792,2044,31,0,104,2052,9,0,92,4332
702,0.496622,0.499156,0.448649,0,0,10.0032,9.99793,1332,745,0,102,1335,735,0,83,4332
703,0.296296,0.499274,0.457014,0,0,10.0032,9.99793,2050,19,0,120,2055,8,0,101,4353
704,0.494253,0.499274,0.457014,0,0,10.0032,9.99794,1585,484,0,120,1590,473,0,101,4353
705,0.296296,0.499273,0.459227,0,0,10.0032,9.99817,2048,19,0,126,2053,8,0,107,4361
706,0.238095,0.499395,0.454936,0,0,10.0032,9.99817,2051,16,0,127,2057,5,0,106,4362
707,0.458904,0.498912,0.462222,0,0,10.0032,9.99817,1994,79,0,121,1997,67,0,104,4362
708,0.285714,0.498912,0.464602,0,0,10.0032,9.99817,2053,20,0,121,2056,8,0,105,4363
709,0.486,0.498917,0.45933,0,0,10.0032,9.99817,1825,257,0,113,1830,243,0,96,4364
710,0.296296,0.499157,0.462963,0,0,10.0032,9.99817,2060,19,0,116,2064,8,0,100,4367
711,0.498612,0.499761,0.441989,0,0,10.0032,9.99817,1552,542,0,101,1553,539,0,80,4367
712,0.375,0.499282,0.457711,0,0,10.0032,9.99817,2076,15,0,109,2076,9,0,92,4377
713,0.497621,0.499164,0.457895,0,0,10.0032,9.99818,1358,739,0,103,1358,732,0,87,4377
714,0.363636,0.5,0.468468,0,0,10.0032,9.99818,2071,14,0,118,2077,8,0,104,4392
715,0.49736,0.5,0.468468,0,0,10.003,9.99818,1609,476,0,118,1614,471,0,104,4392
716,0.333333,0.50012,0.467532,0,0,10.003,9.99818,2063,18,0,123,2073,9,0,108,4394
717,0.368421,0.5,0.469828,0,0,10.003,9.99818,2069,12,0,123,2074,7,0,109,4394
718,0.477124,0.499641,0.479638,0,0,10.003,9.99818,2008,80,0,115,2012,73,0,106,4394
719,0.227273,0.49952,0.477679,0,0,10.003,9.99818,2070,17,0,117,2078,5,0,107,4394
720,0.499025,0.5,0.465686,0,0,10.003,9.99818,1838,257,0,109,1839,256,0,95,4394
721,0.315789,0.500478,0.459716,0,0,10.003,9.99818,2077,13,0,114,2088,6,0,97,4395
722,0.492767,0.498933,0.488764,0,0,10.0029,9.99819,1552,561,0,91,1559,545,0,87,4395
723,0.25,0.49905,0.514563,0,0,10.0029,9.99819,2085,24,0,100,2093,8,0,106,4416
724,0.496271,0.499171,0.512953,0,0,10.0029,9.99819,1372,743,0,94,1376,732,0,99,4416
725,0.275862,0.498575,0.516129,0,0,10.0029,9.99819,2090,21,0,105,2091,8,0,112,4427
726,0.494703,0.498575,0.516129,0,0,10.0029,9.99819,1634,477,0,105,1632,467,0,112,4427
727,0.333333,0.49869,0.502165,0,0,10.0029,9.99819,2084,20,0,115,2083,10,0,116,4428
728,0.346154,0.498809,0.497835,0,0,10.0029,9.99819,2087,17,0,116,2085,9,0,115,4429
729,0.451613,0.498098,0.511211,0,0,10.0029,9.99819,2026,85,0,109,2025,70,0,114,4429
730,0.25,0.498098,0.513274,0,0,10.0029,9.99819,2090,21,0,110,2088,7,0,116,4432
731,0.486034,0.497869,0.519231,0,0,10.0029,9.9982,1845,276,0,100,1842,261,0,108,4432
732,0.233333,0.497512,0.513514,0,0,10.0029,9.9982,2098,23,0,108,2093,7,0,114,4443
733,0.493357,0.497533,0.516129,0,0,10.0029,9.9982,1567,572,0,90,1561,557,0,96,4443
734,0.272727,0.497527,0.502538,0,0,10.0029,9.9982,2109,24,0,98,2103,9,0,99,4442
735,0.494237,0.497417,0.508108,0,0,10.0029,9.9982,1394,746,0,91,1389,729,0,94,4443
736,0.205882,0.496818,0.492891,0,0,10.0029,9.9982,2108,27,0,107,2101,7,0,104,4454
737,0.489904,0.496701,0.492891,0,0,10.0029,9.99821,1656,480,0,107,1647,461,0,104,4455
738,0.318182,0.49705,0.482609,0,0,10.0029,9.99821,2101,30,0,119,2092,14,0,111,4467
739,0.176471,0.496933,0.486957,0,0,10.0027,9.99821,2104,28,0,118,2100,6,0,112,4468
740,0.449102,0.496937,0.484305,0,0,10.0027,9.99821,2043,92,0,115,2034,75,0,108,4467
741,0.2,0.496581,0.486607,0,0,10.0027,9.99821,2107,28,0,115,2099,7,0,109,4465
742,0.485663,0.497066,0.478049,0,0,10.0027,9.99821,1856,287,0,107,1847,271,0,98,4466
743,0.2,0.49718,0.471963,0,0,10.0027,9.99821,2116,24,0,113,2110,6,0,101,4470
744,0.492615,0.497435,0.461538,0,0,10.0027,9.99799,1571,584,0,98,1566,567,0,84,4470
745,0.205882,0.497779,0.447236,0,0,10.0027,9.99799,2121,27,0,110,2122,7,0,89,4476
746,0.491881,0.497553,0.448649,0,0,10.0029,9.998,1405,751,0,102,1408,727,0,83,4476
747,0.214286,0.497311,0.455814,0,0,10.0029,9.998,2117,33,0,117,2118,9,0,98,4492
748,0.492505,0.497429,0.453271,0,0,10.0029,9.998,1676,474,0,117,1668,460,0,97,4492
749,0.255319,0.497544,0.457399,0,0,10.0029,9.998,2113,35,0,121,2115,12,0,102,4498
750,0.216216,0.497544,0.457399,0,0,10.0029,9.998,2119,29,0,121,2119,8,0,102,4498
751,0.424419,0.497198,0.462963,0,0,10.0027,9.998,2054,99,0,116,2056,73,0,100,4498
752,0.175,0.496845,0.465753,0,0,10.0027,9.998,2120,33,0,117,2119,7,0,102,4498
753,0.489796,0.498026,0.434555,0,0,10.0027,9.998,1862,300,0,108,1857,288,0,83,4498
754,0.2,0.498255,0.447115,0,0,10.0027,9.998,2136,20,0,115,2136,5,0,93,4505
755,0.49698,0.498496,0.434783,0,0,10.0027,9.99801,1584,583,0,104,1578,576,0,80,4505
756,0.304348,0.498724,0.464115,0,0,10.0027,9.99801,2145,16,0,112,2143,7,0,97,4520
757,0.492833,0.498151,0.47449,0,0,10.0029,9.9978,1428,743,0,103,1433,722,0,93,4522
758,0.302326,0.498263,0.454955,0,0,10.0029,9.9978,2136,30,0,121,2138,13,0,101,4539
759,0.490831,0.498263,0.457399,0,0,10.0029,9.9978,1694,472,0,121,1696,455,0,102,4540
760,0.340909,0.498258,0.461864,0,0,10.0029,9.9978,2131,29,0,127,2130,15,0,109,4541
761,0.233333,0.498258,0.461864,0,0,10.0029,9.9978,2137,23,0,127,2138,7,0,109,4541
762,0.445714,0.498032,0.463964,0,0,10.0029,9.9978,2071,97,0,119,2073,78,0,103,4541
763,0.181818,0.498263,0.464602,0,0,10.0029,9.9978,2139,27,0,121,2145,6,0,105,4543
764,0.478188,0.497689,0.474419,0,0,10.0029,9.9978,1863,311,0,113,1869,285,0,102,4543
765,0.189189,0.497337,0.475113,0,0,10.0029,9.9978,2141,30,0,116,2141,7,0,105,4540
766,0.489076,0.496663,0.487179,0,0,10.0026,9.9978,1579,608,0,100,1576,582,0,95,4540
767,0.186047,0.496884,0.492891,0,0,10.0026,9.9978,2145,35,0,107,2145,8,0,104,4544
768,0.492224,0.496439,0.502618,0,0,10.0026,9.9978,1441,751,0,95,1433,728,0,96,4544
769,0.18,0.497581,0.519231,0,0,10.0026,9.9978,2140,41,0,100,2151,9,0,108,4549
770,0.484425,0.497581,0.519231,0,0,10.0026,9.99781,1701,480,0,100,1709,451,0,108,4549
771,0.258621,0.498156,0.522523,0,0,10.0026,9.99781,2134,43,0,106,2146,15,0,116,4560
772,0.162791,0.498156,0.522523,0,0,10.0026,9.99781,2141,36,0,106,2154,7,0,116,4560
773,0.426316,0.498045,0.528302,0,0,10.0026,9.99781,2073,109,0,100,2084,81,0,112,4559
774,0.133333,0.498159,0.525822,0,0,10.0026,9.99781,2142,39,0,101,2159,6,0,112,4559
775,0.466997,0.497364,0.545918,0,0,10.0024,9.99781,1870,323,0,89,1887,283,0,107,4559
776,0.115385,0.497358,0.54902,0,0,10.0024,9.99781,2142,46,0,92,2159,6,0,112,4557
777,0.485318,0.497491,0.554913,0,0,10.0022,9.99781,1572,631,0,77,1586,595,0,96,4557
778,0.192308,0.498284,0.581633,0,0,10.0022,9.99781,2151,42,0,82,2168,10,0,114,4567
779,0.49124,0.498289,0.589189,0,0,10.002,9.9976,1444,755,0,76,1455,729,0,109,4568
780,0.244444,0.498168,0.563063,0,0,10.0022,9.9976,2158,34,0,97,2165,11,0,125,4590
781,0.489083,0.498283,0.560538,0,0,10.0022,9.99761,1723,468,0,98,1728,448,0,125,4590
782,0.338983,0.498166,0.555556,0,0,10.0022,9.99739,2150,39,0,104,2153,20,0,130,4596
783,0.1875,0.498051,0.555556,0,0,10.0022,9.99739,2163,26,0,104,2166,6,0,130,4595
784,0.46114,0.498401,0.552995,0,0,10.0022,9.99739,2092,104,0,97,2093,89,0,120,4595
785,0.193548,0.498401,0.552511,0,0,10.0022,9.99739,2171,25,0,98,2176,6,0,121,4597
786,0.494157,0.499432,0.536082,0,0,10.0022,9.99739,1901,303,0,90,1903,296,0,104,4597
787,0.333333,0.499204,0.542289,0,0,10.0022,9.99739,2187,16,0,92,2188,8,0,109,4600
788,0.496694,0.497967,0.58046,0,0,10.0024,9.9974,1613,609,0,73,1603,601,0,101,4600
789,0.290323,0.497849,0.587629,0,0,10.0024,9.9974,2196,22,0,80,2190,9,0,114,4611
790,0.496608,0.498195,0.589888,0,0,10.0024,9.99741,1482,742,0,73,1476,732,0,105,4610
791,0.333333,0.498191,0.584541,0,0,10.0024,9.99741,2199,20,0,86,2193,10,0,121,4629
792,0.494983,0.498191,0.586538,0,0,10.0024,9.99742,1766,453,0,86,1759,444,0,122,4630
793,0.387755,0.497963,0.584071,0,0,10.0024,9.99742,2188,30,0,94,2181,19,0,132,4644
794,0.24,0.49785,0.584071,0,0,10.0024,9.99742,2200,19,0,94,2194,6,0,132,4645
795,0.47449,0.497967,0.584475,0,0,10.0024,9.99742,2119,103,0,91,2111,93,0,128,4645
796,0.208333,0.497967,0.59009,0,0,10.0024,9.99742,2203,19,0,91,2199,5,0,131,4648
797,0.491857,0.498087,0.595122,0,0,10.0024,9.99742,1918,312,0,83,1911,302,0,122,4648
798,0.366667,0.498084,0.584112,0,0,10.0024,9.99742,2208,19,0,89,2199,11,0,125,4651
799,0.498763,0.499102,0.570707,0,0,10.0024,9.99742,1623,608,0,85,1618,605,0,113,4652
800,0.434783,0.498873,0.574661,0,0,10.0024,9.99742,2211,13,0,94,2204,10,0,127,4659
801,0.50068,0.499326,0.570048,0,0,10.0021,9.99764,1495,734,0,89,1487,736,0,118,4659
802,0.538462,0.499549,0.570175,0,0,10.0021,9.99764,2207,12,0,98,2201,14,0,130,4662
803,0.498301,0.499549,0.570175,0,0,10.0021,9.99764,1776,443,0,98,1775,440,0,130,4662
804,0.461538,0.500113,0.563786,0,0,10.0021,9.99764,2188,21,0,106,2192,18,0,137,4662
805,0.357143,0.5,0.563786,0,0,10.0021,9.99764,2200,9,0,106,2204,5,0,137,4661
806,0.495,0.500226,0.561702,0,0,10.0021,9.99764,2111,101,0,103,2115,99,0,132,4661
807,0.5,0.500339,0.558333,0,0,10.0021,9.99764,2205,6,0,106,2208,6,0,134,4665
808,0.511254,0.501799,0.534562,0,0,10.0021,9.99764,1912,304,0,101,1914,318,0,116,4665
809,0.69697,0.501463,0.53125,0,0,10.0021,9.99764,2205,10,0,105,2205,23,0,119,4667
810,0.504418,0.500893,0.550802,0,0,10.0021,9.99764,1619,617,0,84,1616,628,0,103,4667
811,0.612903,0.50112,0.538835,0,0,10.0021,9.99764,2215,12,0,95,2218,19,0,111,4670
812,0.503063,0.501117,0.541667,0,0,10.0028,9.99743,1504,730,0,88,1505,739,0,104,4670
813,0.645161,0.500336,0.555556,0,0,10.0028,9.99743,2218,11,0,96,2212,20,0,120,4677
814,0.505131,0.500336,0.555556,0,0,10.0028,9.99744,1795,434,0,96,1789,443,0,120,4677
815,0.617021,0.500786,0.536797,0,0,10.0028,9.99744,2205,18,0,107,2201,29,0,124,4684
816,0.666667,0.500786,0.536797,0,0,10.0028,9.99744,2215,8,0,107,2214,16,0,124,4684
817,0.528037,0.501121,0.531532,0,0,10.0028,9.99744,2125,101,0,104,2123,113,0,118,4684
818,0.875,0.501009,0.530973,0,0,10.0028,9.99744,2222,3,0,106,2213,21,0,120,4685
819,0.514914,0.501786,0.517073,0,0,10.0028,9.99744,1923,309,0,99,1920,328,0,106,4685
820,0.690476,0.501679,0.525822,0,0,10.0028,9.99744,2213,13,0,101,2212,29,0,112,4680
821,0.509134,0.501891,0.518919,0,0,10.0028,9.99744,1621,618,0,89,1615,641,0,96,4680
822,0.808511,0.501339,0.535885,0,0,10.0028,9.99744,2226,9,0,97,2209,38,0,112,4691
823,0.507353,0.501777,0.529101,0,0,10.0025,9.99745,1506,737,0,89,1500,759,0,100,4691
824,0.711111,0.502226,0.518692,0,0,10.0025,9.99745,2223,13,0,103,2224,32,0,111,4706
825,0.51373,0.502338,0.52093,0,0,10.0025,9.99745,1810,425,0,103,1807,449,0,112,4706
826,0.676471,0.503007,0.511111,0,0,10.0025,9.99745,2209,22,0,110,2212,46,0,115,4714
827,0.825,0.503007,0.511111,0,0,10.0025,9.99745,2224,7,0,110,2225,33,0,115,4714
828,0.549784,0.502668,0.518519,0,0,10.0025,9.99746,2133,104,0,104,2134,127,0,112,4714
829,0.852941,0.502556,0.516129,0,0,10.0025,9.99746,2233,5,0,105,2232,29,0,112,4716
830,0.523664,0.503206,0.502591,0,0,10.0025,9.99746,1935,312,0,96,1933,343,0,97,4716
831,0.792453,0.503099,0.502463,0,0,10.0025,9.99746,2234,11,0,101,2231,42,0,102,4721
832,0.508248,0.503195,0.5,0,0,10.0025,9.99746,1629,626,0,91,1637,647,0,91,4721
833,0.829268,0.502434,0.502463,0,0,10.0025,9.99746,2242,7,0,101,2237,34,0,102,4723
834,0.50966,0.502205,0.505319,0,0,10.0028,9.99746,1522,736,0,93,1513,765,0,95,4724
835,0.758621,0.502547,0.504717,0,0,10.0027,9.99746,2232,14,0,105,2225,44,0,107,4727
836,0.515982,0.502547,0.502326,0,0,10.003,9.99747,1822,424,0,107,1817,452,0,108,4730
837,0.697368,0.502658,0.517699,0,0,10.003,9.99747,2222,23,0,109,2216,53,0,117,4740
838,0.863636,0.502658,0.517699,0,0,10.003,9.99747,2239,6,0,109,2231,38,0,117,4740
839,0.559184,0.502544,0.522727,0,0,10.003,9.99747,2141,108,0,105,2135,137,0,115,4741
840,0.863636,0.502434,0.528889,0,0,10.003,9.99747,2243,6,0,106,2233,38,0,119,4745
841,0.516517,0.501982,0.541463,0,0,10.0029,9.99748,1939,322,0,94,1935,344,0,111,4745
842,0.777778,0.501984,0.544643,0,0,10.0029,9.99748,2249,10,0,102,2242,35,0,122,4760
843,0.509404,0.502961,0.527363,0,0,10.0031,9.99707,1640,626,0,95,1643,650,0,106,4760
844,0.777778,0.503078,0.535714,0,0,10.0031,9.99707,2250,10,0,104,2253,35,0,120,4772
845,0.505051,0.5023,0.555556,0,0,10.0031,9.99707,1537,735,0,92,1543,750,0,115,4772
846,0.688889,0.502964,0.554585,0,0,10.0031,9.99707,2250,14,0,102,2260,31,0,127,4784
847,0.509872,0.502964,0.554585,0,0,10.0031,9.99708,1842,422,0,102,1852,439,0,127,4784
848,0.646154,0.503188,0.552846,0,0,10.0031,9.99708,2237,23,0,110,2247,42,0,136,4795
849,0.83871,0.503188,0.558233,0,0,10.0031,9.99708,2255,5,0,110,2263,26,0,139,4798
850,0.546559,0.503512,0.551867,0,0,10.0031,9.99708,2150,112,0,108,2159,135,0,133,4797
851,0.861111,0.503622,0.55144,0,0,10.0031,9.99708,2256,5,0,109,2263,31,0,134,4798
852,0.523878,0.504475,0.539171,0,0,10.0031,9.99709,1941,329,0,100,1949,362,0,117,4798
853,0.796296,0.504699,0.539474,0,0,10.0031,9.99709,2255,11,0,105,2266,43,0,123,4803
854,0.511197,0.504129,0.557214,0,0,10.0031,9.99709,1649,633,0,89,1658,662,0,112,4803
855,0.836364,0.504689,0.545872,0,0,10.0031,9.99709,2262,9,0,99,2268,46,0,119,4803
856,0.511243,0.504567,0.55122,0,0,10.0029,9.99709,1539,739,0,92,1547,773,0,113,4803
857,0.779661,0.504257,0.535714,0,0,10.0029,9.99709,2258,13,0,104,2264,46,0,120,4805
858,0.523148,0.504367,0.535714,0,0,10.0027,9.99709,1858,412,0,104,1858,452,0,120,4804
859,0.709677,0.504483,0.548117,0,0,10.0027,9.99709,2239,27,0,108,2241,66,0,131,4812
860,0.884615,0.504595,0.548117,0,0,10.0027,9.99709,2258,6,0,108,2260,46,0,131,4809
861,0.574627,0.504585,0.550218,0,0,10.0027,9.99709,2155,114,0,103,2157,154,0,126,4809
862,0.888889,0.504479,0.551724,0,0,10.0027,9.99709,2262,6,0,104,2261,48,0,128,4809
863,0.528169,0.504459,0.556604,0,0,10.0025,9.9973,1943,335,0,94,1944,375,0,118,4809
864,0.809524,0.504359,0.570776,0,0,10.0025,9.9973,2262,12,0,94,2263,51,0,125,4807
865,0.5164,0.504446,0.576531,0,0,10.0023,9.99772,1651,634,0,83,1649,677,0,113,4807
866,0.809524,0.504344,0.582222,0,0,10.0023,9.99772,2270,12,0,94,2271,51,0,131,4829
867,0.513871,0.504976,0.574879,0,0,10.0021,9.99773,1552,736,0,88,1556,778,0,119,4829
868,0.820896,0.505103,0.553191,0,0,10.0021,9.99773,2267,12,0,105,2271,55,0,130,4840
869,0.525701,0.505428,0.549356,0,0,10.0021,9.99773,1872,406,0,105,1878,450,0,128,4839
870,0.747475,0.506087,0.552743,0,0,10.0021,9.99773,2247,25,0,106,2254,74,0,131,4837
871,0.893939,0.506087,0.55042,0,0,10.0021,9.99773,2265,7,0,107,2269,59,0,131,4838
872,0.589831,0.506387,0.547945,0,0,10.0021,9.99773,2159,121,0,99,2165,174,0,120,4838
873,0.923077,0.506282,0.552036,0,0,10.0021,9.99793,2274,5,0,99,2277,60,0,122,4837
874,0.537212,0.506575,0.548223,0,0,10.0021,9.99793,1947,342,0,89,1953,397,0,108,4836
875,0.865854,0.506266,0.552381,0,0,10.0021,9.99793,2274,11,0,94,2272,71,0,116,4838
876,0.521253,0.506452,0.550265,0,0,10.0021,9.99773,1653,642,0,85,1656,699,0,104,4839
877,0.855422,0.507006,0.53202,0,0,10.0021,9.99773,2275,12,0,95,2281,71,0,108,4842
878,0.521228,0.506976,0.535519,0,0,10.0021,9.99753,1564,733,0,85,1564,798,0,98,4842
879,0.891304,0.507209,0.514706,0,0,10.0021,9.99753,2280,10,0,99,2275,82,0,105,4851
880,0.541096,0.507318,0.514706,0,0,10.0021,9.99753,1887,402,0,99,1883,474,0,105,4850
881,0.796748,0.507221,0.523364,0,0,10.0021,9.99753,2261,25,0,102,2255,98,0,112,4853
882,0.943182,0.507009,0.523364,0,0,10.0021,9.99773,2281,5,0,102,2268,83,0,112,4851
883,0.611621,0.5071,0.521951,0,0,10.0021,9.99794,2164,127,0,98,2157,200,0,107,4853
884,0.941176,0.506997,0.516588,0,0,10.0021,9.99794,2285,5,0,102,2275,80,0,109,4856
885,0.545216,0.506755,0.523316,0,0,10.0021,9.99794,1953,347,0,92,1947,416,0,101,4856
886,0.835052,0.506882,0.529126,0,0,10.0021,9.99794,2277,16,0,97,2276,81,0,109,4856
887,0.522963,0.506427,0.545455,0,0,10.0021,9.99774,1660,644,0,85,1658,706,0,102,4855
888,0.879518,0.505589,0.536585,0,0,10.0021,9.99774,2290,10,0,95,2279,73,0,110,4857
889,0.52154,0.50621,0.524064,0,0,10.0021,9.99753,1573,733,0,89,1565,799,0,98,4857
890,0.904762,0.506016,0.533019,0,0,10.0021,9.99753,2291,8,0,99,2279,76,0,113,4866
891,0.54007,0.506016,0.533019,0,0,10.0021,9.99754,1903,396,0,99,1890,465,0,113,4866
892,0.768595,0.506446,0.527523,0,0,10.0021,9.99754,2269,28,0,103,2264,93,0,115,4872
893,0.935897,0.50634,0.525114,0,0,10.0021,9.99754,2292,5,0,104,2283,73,0,115,4872
894,0.614198,0.507187,0.509524,0,0,10.0021,9.99754,2172,125,0,103,2165,199,0,107,4871
895,0.91954,0.507193,0.511737,0,0,10.0021,9.99754,2288,7,0,104,2282,80,0,109,4870
896,0.547074,0.507679,0.5,0,0,10.0021,9.99754,1952,356,0,91,1950,430,0,91,4870
897,0.878505,0.50737,0.494737,0,0,10.0021,9.99754,2293,13,0,96,2281,94,0,94,4871
898,0.523222,0.506797,0.512346,0,0,10.0023,9.99754,1665,657,0,79,1665,721,0,83,4870
899,0.891566,0.506919,0.489362,0,0,10.0023,9.99754,2307,9,0,96,2307,74,0,92,4885
900,0.521654,0.507437,0.477778,0,0,10.0022,9.99755,1589,729,0,94,1593,795,0,86,4886
901,0.891566,0.507456,0.476923,0,0,10.0022,9.99755,2303,9,0,102,2308,74,0,93,4889
902,0.54108,0.507456,0.476923,0,0,10.0022,9.99755,1921,391,0,102,1921,461,0,93,4889
903,0.785714,0.507564,0.475728,0,0,10.0022,9.99755,2284,27,0,108,2283,99,0,98,4899
904,0.928571,0.507673,0.478261,0,0,10.0022,9.99755,2304,6,0,108,2304,78,0,99,4899
905,0.612121,0.50797,0.469072,0,0,10.0022,9.99755,2187,128,0,103,2188,202,0,91,4899
906,0.905263,0.508294,0.475,0,0,10.0022,9.99755,2303,9,0,105,2304,86,0,95,4902
907,0.538559,0.507634,0.489247,0,0,10.0022,9.99755,1957,365,0,95,1968,426,0,91,4902
908,0.880435,0.507862,0.487179,0,0,10.0022,9.99755,2305,11,0,100,2309,81,0,95,4901
909,0.523364,0.5074,0.491228,0,0,10.0022,9.99756,1667,663,0,87,1672,728,0,84,4901
910,0.858824,0.507526,0.465969,0,0,10.0022,9.99756,2311,12,0,102,2321,73,0,89,4908
911,0.522427,0.50793,0.45,0,0,10.002,9.99756,1603,724,0,99,1610,792,0,81,4909
912,0.897727,0.507953,0.438776,0,0,10.002,9.99756,2311,9,0,110,2316,79,0,86,4911
913,0.539365,0.50795,0.438144,0,0,10.002,9.99756,1929,392,0,109,1937,459,0,85,4911
914,0.772358,0.507425,0.454545,0,0,10.002,9.99756,2294,28,0,108,2297,95,0,90,4912
915,0.9375,0.507425,0.454545,0,0,10.002,9.99756,2317,5,0,108,2317,75,0,90,4912
916,0.60472,0.507722,0.443243,0,0,10.002,9.99756,2193,134,0,103,2195,205,0,82,4912
917,0.912088,0.507728,0.455026,0,0,10.0022,9.99756,2317,8,0,103,2315,83,0,86,4912
918,0.545342,0.507595,0.45614,0,0,10.0022,9.99756,1968,366,0,93,1967,439,0,78,4911
919,0.881188,0.507926,0.456044,0,0,10.0022,9.99756,2316,12,0,99,2314,89,0,83,4913
920,0.528289,0.50841,0.436709,0,0,10.0022,9.99756,1671,667,0,89,1671,747,0,69,4914
921,0.90099,0.508742,0.445714,0,0,10.0022,9.99756,2322,10,0,97,2324,91,0,78,4922
922,0.52431,0.508517,0.445783,0,0,10.0022,9.99736,1613,724,0,92,1620,798,0,74,4921
923,0.903226,0.50875,0.433862,0,0,10.0022,9.99736,2321,9,0,107,2329,84,0,82,4932
924,0.542891,0.50875,0.433862,0,0,10.0024,9.99737,1941,389,0,107,1951,462,0,82,4932
925,0.776119,0.508968,0.436548,0,0,10.0024,9.99737,2297,30,0,111,2308,104,0,86,4936
926,0.931034,0.508972,0.436548,0,0,10.0024,9.99737,2320,6,0,111,2330,81,0,86,4934
927,0.608187,0.508746,0.439153,0,0,10.0024,9.99737,2197,134,0,106,2206,208,0,83,4934
928,0.903226,0.508753,0.440415,0,0,10.0024,9.99737,2320,9,0,108,2328,84,0,85,4934
929,0.542022,0.507763,0.458333,0,0,10.0024,9.99757,1970,376,0,91,1975,445,0,77,4934
930,0.888889,0.508097,0.463687,0,0,10.0024,9.99757,2328,11,0,96,2328,88,0,83,4934
931,0.524788,0.50786,0.466258,0,0,10.0022,9.99737,1677,671,0,87,1682,741,0,76,4934
932,0.891304,0.507362,0.481081,0,0,10.0022,9.99737,2332,10,0,96,2330,82,0,89,4939
933,0.525658,0.507447,0.476744,0,0,10.0022,9.99737,1627,721,0,90,1620,799,0,82,4939
934,0.891089,0.50778,0.484211,0,0,10.0022,9.99737,2330,11,0,98,2325,90,0,92,4946
935,0.54717,0.50778,0.486911,0,0,10.0022,9.99738,1957,384,0,98,1951,464,0,93,4947
936,0.761905,0.50788,0.487437,0,0,10.0022,9.99738,2307,35,0,102,2305,112,0,97,4958
937,0.94382,0.507776,0.487437,0,0,10.0022,9.99738,2337,5,0,102,2332,84,0,97,4957
938,0.613181,0.507657,0.489474,0,0,10.0022,9.99738,2212,135,0,97,2206,214,0,93,4957
939,0.926316,0.50766,0.489474,0,0,10.0022,9.99738,2339,7,0,97,2331,88,0,93,4955
940,0.539834,0.506477,0.52071,0,0,10.0022,9.99738,1975,387,0,81,1970,454,0,88,4955
941,0.876289,0.506069,0.528409,0,0,10.0022,9.99738,2348,12,0,83,2333,85,0,93,4954
942,0.520285,0.50532,0.546584,0,0,10.0022,9.99738,1697,674,0,73,1691,731,0,88,4954
943,0.851852,0.505124,0.527473,0,0,10.002,9.99738,2354,12,0,86,2346,69,0,96,4963
944,0.518792,0.505534,0.520231,0,0,10.0018,9.99739,1651,717,0,83,1648,773,0,90,4962
945,0.871795,0.505653,0.502488,0,0,10.0018,9.99739,2351,10,0,100,2347,68,0,101,4977
946,0.531477,0.505653,0.502488,0,0,10.0018,9.99759,1974,387,0,100,1976,439,0,101,4977
947,0.741935,0.505349,0.492611,0,0,10.0018,9.99759,2326,32,0,103,2317,92,0,100,4970
948,0.929577,0.505349,0.490196,0,0,10.0018,9.99759,2353,5,0,104,2343,66,0,100,4971
949,0.585799,0.505232,0.492228,0,0,10.0018,9.99759,2224,140,0,98,2216,198,0,95,4971
950,0.92,0.505442,0.497462,0,0,10.0018,9.99759,2357,6,0,99,2346,69,0,98,4975
951,0.537915,0.505527,0.49162,0,0,10.0018,9.99759,1981,390,0,91,1970,454,0,88,4974
952,0.849462,0.50512,0.481481,0,0,10.0018,9.99759,2354,14,0,98,2338,79,0,91,4974
953,0.517266,0.50416,0.502994,0,0,10.0018,9.99759,1699,685,0,83,1690,734,0,84,4975
954,0.863014,0.504597,0.5,0,0,10.0018,9.99759,2361,10,0,97,2352,63,0,97,4980
955,0.517845,0.50469,0.497268,0,0,10.0018,9.9976,1660,716,0,92,1652,769,0,91,4980
956,0.831169,0.504696,0.47619,0,0,10.0018,9.9976,2360,13,0,110,2354,64,0,100,5001
957,0.527881,0.504696,0.47619,0,0,10.0018,9.998,1992,381,0,110,1992,426,0,100,5001
958,0.692308,0.504698,0.475336,0,0,10.0018,9.998,2336,36,0,117,2336,81,0,106,5012
959,0.944444,0.505015,0.473214,0,0,10.0018,9.998,2366,3,0,118,2366,51,0,106,5010
960,0.571006,0.505211,0.466981,0,0,10.0018,9.998,2229,145,0,113,2231,193,0,99,5010
961,0.904762,0.505213,0.46729,0,0,10.0018,9.998,2367,6,0,114,2366,57,0,100,5010
962,0.530321,0.505604,0.453125,0,0,10.0018,9.9982,1987,395,0,105,1990,446,0,87,5010
963,0.848101,0.505826,0.453202,0,0,10.0018,9.9982,2363,12,0,111,2364,67,0,92,5009
964,0.520085,0.506012,0.440217,0,0,10.0018,9.99821,1702,681,0,103,1703,738,0,81,5008
965,0.858974,0.507174,0.432692,0,0,10.0018,9.99821,2359,11,0,118,2372,67,0,90,5017
966,0.518048,0.507255,0.42487,0,0,10.0018,9.99821,1656,721,0,111,1672,775,0,82,5017
967,0.835443,0.507907,0.428571,0,0,10.002,9.99821,2352,13,0,124,2375,66,0,93,5023
968,0.532178,0.507907,0.436364,0,0,10.002,9.99821,1987,378,0,124,2011,430,0,96,5026
969,0.739496,0.507715,0.438596,0,0,10.0022,9.99821,2330,31,0,128,2347,88,0,100,5024
970,0.90625,0.507718,0.434783,0,0,10.0022,9.99821,2354,6,0,130,2376,58,0,100,5024
971,0.582133,0.507913,0.427928,0,0,10.0022,9.99821,2218,145,0,127,2237,202,0,95,5024
972,0.893333,0.507397,0.419214,0,0,10.0022,9.99821,2356,8,0,133,2368,67,0,96,5028
973,0.529894,0.506846,0.423077,0,0,10.0022,9.99802,1976,401,0,120,1991,452,0,88,5028
974,0.87013,0.506855,0.4329,0,0,10.0022,9.99802,2364,10,0,131,2373,67,0,100,5045
975,0.520673,0.506196,0.435644,0,0,10.0022,9.99802,1707,684,0,114,1708,743,0,88,5044
976,0.825581,0.50477,0.424107,0,0,10.0022,9.99802,2373,15,0,129,2363,71,0,95,5046
977,0.521534,0.504868,0.422018,0,0,10.0024,9.99802,1679,711,0,126,1662,775,0,92,5045
978,0.869565,0.504685,0.435146,0,0,10.0024,9.99802,2367,12,0,135,2344,80,0,104,5042
979,0.539312,0.504685,0.435146,0,0,10.0026,9.99802,2004,375,0,135,1985,439,0,104,5042
980,0.755725,0.50469,0.426295,0,0,10.0028,9.99802,2344,32,0,144,2322,99,0,107,5048
981,0.949367,0.50469,0.428571,0,0,10.0028,9.99802,2372,4,0,144,2346,75,0,108,5049
982,0.578804,0.504265,0.433884,0,0,10.0028,9.99802,2228,155,0,137,2211,213,0,105,5049
983,0.9125,0.504266,0.438525,0,0,10.0028,9.99802,2375,7,0,137,2350,73,0,107,5049
984,0.533409,0.504243,0.43318,0,0,10.0026,9.99782,1983,412,0,123,1965,471,0,94,5048
985,0.86747,0.504041,0.432314,0,0,10.0026,9.99782,2382,11,0,130,2360,72,0,99,5054
986,0.512195,0.503092,0.445545,0,0,10.0028,9.99783,1711,700,0,112,1706,735,0,90,5054
987,0.816667,0.503512,0.452055,0,0,10.0028,9.99783,2392,11,0,120,2388,49,0,99,5059
988,0.511371,0.503397,0.448276,0,0,10.0028,9.99802,1703,709,0,112,1703,742,0,91,5060
989,0.783333,0.503926,0.452055,0,0,10.0028,9.99802,2388,13,0,120,2392,47,0,99,5059
990,0.520725,0.503926,0.45,0,0,10.0028,9.99802,2031,370,0,121,2037,402,0,99,5060
991,0.653061,0.503414,0.45614,0,0,10.0028,9.99802,2366,34,0,124,2369,64,0,104,5061
992,0.871795,0.503414,0.45614,0,0,10.0028,9.99802,2395,5,0,124,2399,34,0,104,5061
993,0.543605,0.503303,0.456221,0,0,10.0028,9.99803,2249,157,0,118,2251,187,0,99,5061
994,0.84,0.503304,0.459821,0,0,10.0028,9.99803,2397,8,0,121,2395,42,0,103,5066
995,0.512644,0.502774,0.465,0,0,10.0028,9.99803,1996,424,0,107,2001,446,0,93,5067
996,0.75,0.502988,0.466981,0,0,10.0028,9.99803,2398,14,0,113,2399,42,0,99,5065
997,0.509066,0.502768,0.465608,0,0,10.0026,9.99803,1721,704,0,101,1722,730,0,88,5066
998,0.795455,0.502675,0.455882,0,0,10.0026,9.99803,2408,9,0,111,2408,35,0,93,5064
999,0.510161,0.502875,0.446154,0,0,10.0028,9.99803,1722,699,0,108,1721,728,0,87,5065
1000,0.753846,0.502675,0.469767,0,0,10.0028,9.99803,2401,16,0,114,2394,49,0,101,5075
